id,parent,parent_id,type,file_ref,desc,img_alt_text,copyright_notice,order,overlay
1,events,1,image,http://www.bbc.co.uk/radio3/proms-assets/2010/gallery2/img/i1281629772.jpg,NULL,"Thierry Fischer and the BBC National Orchestra of Wales","Copyright of the BBC",0,light
2,events,17,image,http://www.bbc.co.uk/radio3/proms-assets/whats-on/2011/july-25/17/images/14_norrington_sir_roger_1.jpg,,"Sir Roger NORRINGTON ","Manfred Esser",0,light
3,events,18,image,http://www.bbc.co.uk/radio3/proms-assets/whats-on/2011/july-26/18/images/15_bavouzet_jean-efflam.jpg,,"Jean-Efflam BAVOUZET","Paul Mitchell",0,light
4,events,30,image,http://www.bbc.co.uk/radio3/proms-assets/whats-on/2011/august-03/30/images/26_harrell_lynn_2.jpg,,"Lynn HARRELL ","Christian Steiner",0,light
5,events,52,image,http://www.bbc.co.uk/radio3/proms-assets/whats-on/2011/august-18/52/images/45_mullova_viktoria_7.jpg,,"Viktoria MULLOVA ","Sasha Gusov",0,light
6,events,58,image,http://www.bbc.co.uk/radio3/proms-assets/whats-on/2011/august-21/58/images/50_bostridge_ian_1.jpg,,"Ian BOSTRIDGE ","Ben Ealovega",0,light
7,events,67,image,http://www.bbc.co.uk/radio3/proms-assets/whats-on/2011/august-27/67/images/57_pires_maria_1.jpg,,"Maria PIRES ","Felix Broede/DG",0,light
8,events,86,image,http://www.bbc.co.uk/radio3/proms-assets/whats-on/2011/september-05/86/images/68_grimaud_helene_3.jpg,,"Helene GRIMAUD ","Mat Hennek/DG",0,light
17,events,4,image,http://www.bbc.co.uk/radio3/proms-assets/whats-on/2011/july-17/4/images/03_farr_stephen_2.jpg,,"Stephen FARR ","KT Bruce",0,light
18,events,5,image,http://www.bbc.co.uk/radio3/proms-assets/whats-on/2011/july-17/5/images/04_gritton_susan_1.jpg,,"Susan Gritton","Tim Cantrell",0,light
20,events,8,image,http://www.bbc.co.uk/radio3/proms-assets/whats-on/2011/july-19/8/images/06_chung_myung_whun_2.jpg,,"Myung Whun Chung","Riccardo Musacchio",0,light
21,events,9,image,http://www.bbc.co.uk/radio3/proms-assets/whats-on/2011/july-19/9/images/07_belcea_quartet_2.jpg,,"BELCEA Quartet ","Evy Ottermans",0,light
22,events,10,image,http://www.bbc.co.uk/radio3/proms-assets/whats-on/2011/july-20/10/images/08_queyras_jean_guihen_1.jpg,,"Jean Guihen QUEYRAS ","Marco Borggreve",0,light
23,events,11,image,http://www.bbc.co.uk/radio3/proms-assets/whats-on/2011/july-21/11/images/09_elder_sir_mark1.jpg,,"Sir Mark ELDER ","Simon Dodds",0,light
24,events,12,image,http://www.bbc.co.uk/radio3/proms-assets/whats-on/2011/july-22/12/images/10_mena_juanjo_2.jpg,,"Juanjo MENA ","Sussie Ahlburg/BBC Philharmonic",0,light
25,events,13,image,http://www.bbc.co.uk/radio3/proms-assets/whats-on/2011/july-23/13/images/11_wodaabe_men_from_niger.jpg,,"Wodaabe men from Niger ","Timothy Allen/BBC",0,light
26,events,14,image,http://www.bbc.co.uk/radio3/proms-assets/whats-on/2011/july-24/14/images/12_western_highlands_png_hr.jpg,,"Western Highlands","Timothy Allen/BBC",0,light
27,events,15,image,http://www.bbc.co.uk/radio3/proms-assets/whats-on/2011/july-24/15/images/13_poplavskaya_marina.jpg,,"Marina POPLAVSKAYA ",,0,light
30,events,19,image,http://www.bbc.co.uk/radio3/proms-assets/whats-on/2011/july-27/19/images/16_fischer_thierry_1.jpg,,"Thierry FISCHER","Chris Stock",0,light
31,events,20,image,http://www.bbc.co.uk/radio3/proms-assets/whats-on/2011/july-27/20/images/17_sairam_aruna.jpg,,"Aruna Sairam",,0,light
32,events,21,image,http://www.bbc.co.uk/radio3/proms-assets/whats-on/2011/july-28/21/images/18_pahud_emmanuel.jpg,,"Emmanuel PAHUD ","Josef Fischnaller ",0,light
33,events,22,image,http://www.bbc.co.uk/radio3/proms-assets/whats-on/2011/july-29/22/images/19.jpg,,"Oliver Knussen","Chris Christodoulou/BBC",0,light
35,events,24,image,http://www.bbc.co.uk/radio3/proms-assets/whats-on/2011/july-30/24/images/21_midori_1.jpg,,"MIDORI ","Timothy Greenfield-Sanders ",0,light
36,events,25,image,http://www.bbc.co.uk/radio3/proms-assets/whats-on/2011/july-31/25/images/22_noseda_gianandrea_2.jpg,,"Gianandrea NOSEDA ","Sussie Ahlburg",0,light
37,events,27,image,http://www.bbc.co.uk/radio3/proms-assets/whats-on/2011/august-01/27/images/23_hough_stephen_high_res_1.jpg,,"Stephen HOUGH ","Grant Hiroshima ",0,light
38,events,28,image,http://www.bbc.co.uk/radio3/proms-assets/whats-on/2011/august-02/28/images/24_little_tamsin_3.jpg,,"Tamsin LITTLE ","Melanie Winning",0,light
39,events,29,image,http://www.bbc.co.uk/radio3/proms-assets/whats-on/2011/august-02/29/images/25_tickell_kathryn_3.jpg,,"Kathryn TICKELL ","GS Studios",0,light
41,events,31,image,http://www.bbc.co.uk/radio3/proms-assets/whats-on/2011/august-04/31/images/27_runnicles_donald_5_976.jpg,,"Donald Runnicles","John Wood",0,light
42,events,32,image,http://www.bbc.co.uk/radio3/proms-assets/whats-on/2011/august-04/32/images/28_phillips_peter_3.jpg,,"Peter PHILLIPS ","Eric Richmond",0,light
45,events,36,image,http://www.bbc.co.uk/radio3/proms-assets/whats-on/2011/august-07/36/images/32_gardner_edward_2.jpg,,"Edward GARDNER ","Jillian Edelstein/Camera Press",0,light
46,events,38,image,http://www.bbc.co.uk/radio3/proms-assets/whats-on/2011/august-08/38/images/33_ott_alice_sara_2.jpg,,"Alice Sara OTT ","Felix Broede/DG",0,light
47,events,39,image,http://www.bbc.co.uk/radio3/proms-assets/whats-on/2011/august-09/39/images/34_roth_francois_xavier_5.jpg,,"Francois Xavier ROTH ","Jean Radel ",0,light
48,events,40,image,http://www.bbc.co.uk/radio3/proms-assets/whats-on/2011/august-10/41/images/36_karabits_kirill_high_res_3.jpg,,"Kirill KARABITS ","Sussie Ahlburg",0,light
50,events,42,image,http://www.bbc.co.uk/radio3/proms-assets/whats-on/2011/august-11/42/images/37_lloyd_webber_julian.jpg,,"Julian LLOYD WEBBER ","Simon Fowler/EMI Classics",0,light
51,events,43,image,http://www.bbc.co.uk/radio3/proms-assets/whats-on/2011/august-12/43/images/p38keith-lockhart.jpg,,"Keith Lockhart conducts the BBC Concert Orchestra at the BBC Film Music Prom.","BBC/Chris Christodoulou",0,light
56,events,50,image,http://www.bbc.co.uk/radio3/proms-assets/whats-on/2011/august-16/50/images/43_wang_yuja_1.jpg,,"Yuja WANG ","Courtesy of Opus 3 Artists",0,light
57,events,51,image,http://www.bbc.co.uk/radio3/proms-assets/whats-on/2011/august-17/51/images/44_batiashvili_lisa_3.jpg,,"Lisa BATIASHVILI ","Anja Frers/DG ",0,light
61,events,55,image,http://www.bbc.co.uk/radio3/proms-assets/whats-on/2011/august-19/55/images/48_hewitt_angela_1.jpg,,"Angela HEWITT ","Mai Wolf",0,light
62,events,57,image,http://www.bbc.co.uk/radio3/proms-assets/whats-on/2011/august-20/57/images/49_ax_emmanuel.jpg,,"Emmanuel AX ","J. Henry Fair",0,light
64,events,60,image,http://www.bbc.co.uk/radio3/proms-assets/whats-on/2011/august-22/60/images/51_douglas_barry_1.jpg,,"Barry DOUGLAS ","Mark Harrison ",0,light
65,events,61,image,http://www.bbc.co.uk/radio3/proms-assets/whats-on/2011/august-23/61/images/52_kavakos_leonidas_3.jpg,,"Leonidas KAVAKOS ","Yannis Bournias",0,light
66,events,62,image,http://www.bbc.co.uk/radio3/proms-assets/whats-on/2011/august-24/62/images/53_graham_susan_1.jpg,,"Susan GRAHAM ","Dario Acosta",0,light
67,events,63,image,http://www.bbc.co.uk/radio3/proms-assets/whats-on/2011/august-24/63/images/54_hamelin_marc-andre_1.jpg,,"Marc-Andre HAMELIN ","Fran Kaufman ",0,light
68,events,64,image,http://www.bbc.co.uk/radio3/proms-assets/whats-on/2011/august-25/64/images/55_dantone_ottavio_2.jpg,,"Ottavio DANTONE ","Walter Capelli",4,light
69,events,65,image,http://www.bbc.co.uk/radio3/proms-assets/whats-on/2011/august-26/65/images/56_bychkov_semyon.jpg,,"Semyon BYCHKOV ","Sheila Rock",0,light
71,events,68,image,http://www.bbc.co.uk/radio3/proms-assets/whats-on/2011/august-28/68/images/p58-rosemaryjoshua.jpg,,"Rosemary Joshua","BBC/Chris Christodoulou",0,light
72,events,70,image,http://www.bbc.co.uk/radio3/proms-assets/whats-on/2011/august-29/70/images/p59-johnwilson-carol.jpg,,"Prom 59 – John Wilson and Caroline O’Connor","Chris Christodoulou/BBC",0,light
73,events,71,image,http://www.bbc.co.uk/radio3/proms-assets/whats-on/2011/august-30/71/images/60_fray_david_2.jpg,,"David FRAY ","Sumyo Ida/Virgin Classics",0,light
74,events,72,image,http://www.bbc.co.uk/radio3/proms-assets/whats-on/2011/august-31/72/images/61_ma_yo_yo_2l.jpg,,"Yo-Yo MA ","Michael O'Neill",0,light
75,events,73,image,http://www.bbc.co.uk/radio3/proms-assets/whats-on/2011/september-01/73/images/p62-zubinmehta-gilshaham.jpg,,"Zubin Mehta and Gil Shaham","BBC/Chris Christodoulou",0,light
76,events,74,image,http://www.bbc.co.uk/radio3/proms-assets/whats-on/2011/september-02/74/images/63_lazic_dejan_3.jpg,,"Dejan LAZIC ","Susie Knoll ",0,light
77,events,75,image,http://www.bbc.co.uk/radio3/proms-assets/whats-on/2011/september-02/75/images/p64-fischer-and-bfo-.jpg,,"Iván Fischer and BFO","BBC/Chris Christodoulou",0,light
78,events,77,image,http://www.bbc.co.uk/radio3/proms-assets/whats-on/2011/september-03/77/images/65_goode_david_2.jpg,,"David GOODE ","Malcolm Crowthers",0,light
79,events,78,image,http://www.bbc.co.uk/radio3/proms-assets/whats-on/2011/september-04/78/images/p67-missa-solemnis.jpg,,"Matthew Rose, Paul Groves,  Sarah Connolly and Helena Juntunen","BBC/Chris Christodoulou",0,light
81,events,80,image,http://www.bbc.co.uk/radio3/proms-assets/whats-on/2011/september-06/80/images/69_mutter_anne-sophie_1.jpg,,"Anne-Sophie MUTTER ","Tina Tahir ",4,light
82,events,81,image,http://www.bbc.co.uk/radio3/proms-assets/whats-on/2011/september-07/81/images/70_robertson_david_5.jpg,,"David ROBERTSON "," Michael Tammaro ",0,light
83,events,82,image,http://www.bbc.co.uk/radio3/proms-assets/whats-on/2011/september-07/82/images/71_martin_claire.jpg,,"Claire MARTIN "," Kate Eastman",0,light
84,events,83,image,http://www.bbc.co.uk/radio3/proms-assets/whats-on/2011/september-08/83/images/72_dutoit_charles_3.jpg,,"Charles DUTOIT ","Robert Taylor",6,light
85,events,84,image,http://www.bbc.co.uk/radio3/proms-assets/whats-on/2011/september-09/84/images/73_gardiner_sir_john_eliot.jpg,,"Sir John Eliot GARDINER ","Sheila Rock/Decca",5,light
88,events,79,image,http://www.bbc.co.uk/radio3/proms-assets/whats-on/2011/september-05/79/images/pcm8_tetzlaff_christian_1.jpg,,"Christian TETZLAFF ","Georgia Bertazzi ",0,light
89,events,6,image,http://www.bbc.co.uk/radio3/proms-assets/whats-on/2011/july-18/6/images/pcm1_esfahani_mahan_1.jpg,,"Mahan ESFAHANI ","Marco Borggreve",0,light
90,events,16,image,http://www.bbc.co.uk/radio3/proms-assets/whats-on/2011/july-25/16/images/pcm2_elias_quartet.jpg,,"ELIAS QUARTET ","Benjamin Ealovega",0,light
91,events,37,image,http://www.bbc.co.uk/radio3/proms-assets/whats-on/2011/august-08/37/images/pcm4_buniatishvili_khatia_3_hi_res.jpg,,"Khatia BUNIATISHVILI ","Julia Wesely",0,light
92,events,48,image,http://www.bbc.co.uk/radio3/proms-assets/whats-on/2011/august-15/48/images/pcm5_daniel_nicholas_2.jpg,,"Nicholas DANIEL ","Benjamin Harte",0,light
93,events,59,image,http://www.bbc.co.uk/radio3/proms-assets/whats-on/2011/august-22/59/images/pcm6_pahud_emmanuel.jpg,,"Emmanuel PAHUD ","Lou Denim/EMI Classics",0,light
94,events,69,image,http://www.bbc.co.uk/radio3/proms-assets/whats-on/2011/august-29/69/images/pcm7_ma_and_stott_2.jpg,,"MA and STOTT","Michael O'Neill & Lorenzo Cicconi Massi",0,light
95,events,56,image,http://www.bbc.co.uk/radio3/proms-assets/whats-on/2011/august-20/56/images/psm2_hodges_nicholas_5.jpg,,"Nicholas HODGES ","Marco Borggreve",0,light
96,events,66,image,http://www.bbc.co.uk/radio3/proms-assets/whats-on/2011/august-27/66/images/psm3_wishart_stevie.jpg,,"Stevie WISHART ","Els van Riel",0,light
97,events,76,image,http://www.bbc.co.uk/radio3/proms-assets/whats-on/2011/september-03/76/images/psm4_clein_natalie_3.jpg,,"Natalie CLEIN ","Sussie Ahlburg",0,light
98,events,163,image,http://www.bbc.co.uk/radio3/proms-assets/whats-on/2011/september-04/163/images/66_escaich_thierry_1.jpg,,"Thierry ESCAICH ","S. Bianchi/Accord Universal",0,light
105,events,45,image,http://www.bbc.co.uk/radio3/proms-assets/whats-on/2011/august-13/45/images/psm1_bennett_richard_rodney.jpg,,"Richard Rodney Bennett","Katie Vandyck",0,light
107,events,26,image,http://www.bbc.co.uk/radio3/proms-assets/whats-on/2011/august-01/26/images/pcm3_rousset_christophe_2.jpg,,"Christophe Rousset","Eric Larrayadieu",0,light
111,events,3,image,http://www.bbc.co.uk/radio3/proms-assets/whats-on/2011/july-16/3/images/02_pappano_antonio_2.jpg,,"Antonio Pappano","Musacchio Ianniello/EMI Classics",0,light
129,pages,9,image,http://www.bbc.co.uk/radio3/proms-assets/features/how-to-prom/promming_audience608.jpg,,"Promming Audience at the Royal Albert Hall","Chris Christodoulou",0,light
131,pages,8,image,http://www.bbc.co.uk/radio3/proms-assets/features/how-to-book/rah-box608.jpg,,"Royal Albert Hall","Chris Christodoulou",0,light
133,pages,10,image,http://www.bbc.co.uk/radio3/proms-assets/features/last-night-booking/last_night_608.jpg,,"The Last Night of the Proms","Chris Christodoulou",0,light
135,pages,13,image,http://www.bbc.co.uk/radio3/proms-assets/features/venues/rah608.jpg,,"Royal Albert Hall",,0,light
137,pages,13,image,http://www.bbc.co.uk/radio3/proms-assets/features/venues/cadogan_hall.jpg,,"Cadogan Hall",,0,light
139,pages,13,image,http://www.bbc.co.uk/radio3/proms-assets/features/venues/rcm.jpg,,"Royal College of Music",,0,light
141,pages,13,image,http://www.bbc.co.uk/radio3/proms-assets/features/venues/kensingtongardens_608.jpg,,"Kensington Gardens",,0,light
143,pages,21,image,http://www.bbc.co.uk/radio3/proms-assets/features/venues/rah608.jpg,,"Royal Albert Hall",,0,light
145,pages,11,image,http://www.bbc.co.uk/radio3/proms-assets/features/tickets/special-offers.jpg,,"Royal Albert Hall","Chris Christodoulou",0,light
147,pages,23,image,http://www.bbc.co.uk/radio3/proms-assets/features/venues/cadogan_hall.jpg,,"Cadogan Hall",,0,light
149,pages,14,image,http://www.bbc.co.uk/radio3/proms-assets/features/history/wood_henry.jpg,"Between 1889 and 1944, Wood conducted the world or British premieres of no fewer than 716 works by 356 composers","Sir Henry Wood in 1939",BBC,0,light
151,pages,14,image,http://www.bbc.co.uk/radio3/proms-assets/features/history/queens_hall.jpg,"Built in 1893. The architect was Thomas Edward Knightley. The hall was reputed to have 'almost perfect acoustics'.","Queen's Hall",BBC,0,light
153,pages,14,image,http://www.bbc.co.uk/radio3/proms-assets/features/history/sargent_malcolm.jpg,"Chief Conductor of the BBC Symphony Orchestra from 1950","Malcolm Sargent",BBC,0,light
157,pages,15,image,http://www.bbc.co.uk/radio3/proms-assets/features/ask-the-director/ask-the-director.jpg,,"Roger Wright",,0,light
159,pages,27,image,http://www.bbc.co.uk/radio3/proms-assets/features/venues/kensingtongardens_608.jpg,,"Kensington Gardens",,0,light
161,pages,31,image,http://www.bbc.co.uk/radio3/proms-assets/features/pitp/pitp_wales608.jpg,"Gwenllian Haf Richards - Violin, Amy Harman - Bassoon, Arlene MacFarlane - Trombone, Tim Thorpe - Horn","Last Night of the Proms Celebrations in Caerphilly",BBC,0,light
163,pages,33,image,http://www.bbc.co.uk/radio3/proms-assets/features/proms-in-the-park-ni/11pitp-ni-noel-james608.jpg,"Noel Thompson (BBC NI presenter), left and James McKerrow, Mayor of North Down.","Proms in the Park - Northern Ireland",BBC,0,light
165,pages,35,image,http://www.bbc.co.uk/radio3/proms-assets/features/pitp/pitp_scotland608.jpg,,"Caird Hall, Dundee",BBC,0,light
167,pages,37,image,http://www.bbc.co.uk/radio3/proms-assets/features/pitp/bigscreens608.jpg,Manchester,"BBC Big Screens",BBC,0,light
169,pages,39,image,http://www.bbc.co.uk/radio3/proms-assets/features/pitp/redbutton_multiscreen608.jpg,,"Proms in the Park Big Screens",BBC,0,light
171,pages,41,image,http://www.bbc.co.uk/radio3/proms-assets/features/proms-in-the-park-faqs/proms-in-hyde-park-map608.gif,,"Proms in the Park - Hyde Park Map",,0,light
177,pages,25,image,http://www.bbc.co.uk/radio3/proms-assets/features/venues/rcm.jpg,,"Royal College of Music",,0,light
179,pages,45,image,http://www.bbc.co.uk/radio3/proms-assets/features/poetry-competition/ianmcmillan2_608.jpg,,"Ian McMillan",,0,light
181,pages,49,image,http://www.bbc.co.uk/radio3/proms-assets/features/out-and-about/westfield.jpg,,"Proms Out + About at Westfield London",,0,light
183,events,189,image,http://www.bbc.co.uk/radio3/proms-assets/whats-on/2011/september-10/189/images/pitp_608x345.jpg,,"BBC Proms in the Park",,0,light
187,events,7,image,http://www.bbc.co.uk/radio3/proms-assets/whats-on/2011/july-19/8/images/06_chung_myung_whun_2.jpg,,"Myung Whun Chung","Riccardo Musacchio",0,light
189,events,2,audio_clip,b012fvcc,"BBC Proms: 2011: Prom 1: Weir, Brahms, Liszt",NULL,NULL,0,light
191,events,2,video_clip,b012n19t,"BBC Proms: 2011: First Night of the Proms",NULL,NULL,0,light
193,events,2,audio_programme,b012fvcc,"BBC Proms: 2011: Prom 1: Weir, Brahms, Liszt",NULL,NULL,0,light
195,events,2,video_programme,b012n19t,"BBC Proms: 2011: First Night of the Proms",NULL,NULL,0,light
197,events,2,audio_clip,b012fvcf,,NULL,NULL,0,light
199,events,2,audio_clip,b012fvch,"BBC Proms: 2011: Prom 1: Janacek",NULL,NULL,0,light
201,events,2,audio_programme,b012fvch,"BBC Proms: 2011: Prom 1: Janacek",NULL,NULL,0,light
203,events,2,image,http://www.bbc.co.uk//radio3/proms-assets/whats-on/2011/july-15/2/images/benjamin-grosvenor3.jpg,,"Benjamin Grosvenor becomes the youngest soloist to appear at the First Night of the Proms","BBC/Chris Christodoulou",1,light
205,events,2,image,http://www.bbc.co.uk//radio3/proms-assets/whats-on/2011/july-15/2/images/actual-belohlavek.jpg,,"Jiří Bělohlávek conducts the BBC Symphony Orchestra, BBC Singers and BBC Symphony Chorus at the First Night of the BBC Proms","BBC/Chris Christodoulou",2,light
207,events,2,image,http://www.bbc.co.uk//radio3/proms-assets/whats-on/2011/july-15/2/images/fnotp2011.jpg,,"The scene in the Royal Albert Hall at the 2011 First Night of the Proms","BBC/Chris Christodoulou",3,light
209,events,2,image,http://www.bbc.co.uk/radio3/proms-assets/whats-on/2011/july-15/2/images/glagolitic-mass.jpg,,"The Glagolitic Mass","BBC/Chris Christodoulou",4,light
211,pages,29,image,http://www.bbc.co.uk//radio3/proms-assets/features/broadcasts/10rah-radio-box-petroc.jpg,"Presenter Petroc Trelawny in the radio box for the Proms at the Royal Albert Hall.","The Proms on radio, on TV and on demand","BBC/Chris Christodoulou",0,light
213,events,88,audio_clip,b012ljb4,,NULL,NULL,0,light
215,events,88,audio_programme,b012ljb4,,NULL,NULL,0,light
217,events,3,audio_clip,b012lj4f,"BBC Proms: 2011: Prom 02: William Tell Act 1",NULL,NULL,0,light
219,events,3,audio_clip,b012ljb6,"BBC Proms: 2011: Prom 02: William Tell Act 2",NULL,NULL,0,light
221,events,3,audio_programme,b012ljb6,"BBC Proms: 2011: Prom 02: William Tell Act 2",NULL,NULL,0,light
223,events,3,audio_programme,b012lj4f,"BBC Proms: 2011: Prom 02: William Tell Act 1",NULL,NULL,0,light
225,events,87,audio_programme,b012fvc9,,NULL,NULL,0,light
227,events,4,audio_clip,b012lkhv,"BBC Proms: 2011: Prom 03 - Alain, Liszt, Bach, Bingham",NULL,NULL,0,light
229,events,4,audio_programme,b012lkhv,"BBC Proms: 2011: Prom 03 - Alain, Liszt, Bach, Bingham",NULL,NULL,0,light
231,events,5,audio_clip,b012lkly,"BBC Proms: 2011: Prom 04 - Proms Choral Sunday: Havergal Brian's Gothic Symphony",NULL,NULL,0,light
233,events,5,audio_programme,b012lkly,"BBC Proms: 2011: Prom 04 - Proms Choral Sunday: Havergal Brian's Gothic Symphony",NULL,NULL,0,light
235,events,90,audio_programme,b012lkl8,,NULL,NULL,0,light
237,events,90,audio_clip,b012lkl8,,NULL,NULL,0,light
239,events,6,audio_clip,b012llr2,"BBC Proms: 2011: Proms Chamber Music: PCM 01 - Bach's Goldberg Variations",NULL,NULL,0,light
241,events,6,audio_programme,b012llr2,"BBC Proms: 2011: Proms Chamber Music: PCM 01 - Bach's Goldberg Variations",NULL,NULL,0,light
243,events,7,audio_clip,b012llr8,"BBC Proms: 2011: Prom 05: Messiaen, Dusapin",NULL,NULL,0,light
245,events,7,audio_clip,b012llrd,"BBC Proms: 2011: Prom 05: Beethoven",NULL,NULL,0,light
247,events,7,audio_programme,b012llrd,"BBC Proms: 2011: Prom 05: Beethoven",NULL,NULL,0,light
249,events,7,audio_programme,b012llr8,"BBC Proms: 2011: Prom 05: Messiaen, Dusapin",NULL,NULL,0,light
253,events,91,audio_clip,b012llrb,,NULL,NULL,0,light
255,events,91,audio_programme,b012llrb,,NULL,NULL,0,light
257,events,8,audio_clip,b012llxb,"BBC Proms: 2011: Prom 06: Weber, Brahms",NULL,NULL,0,light
259,events,8,audio_clip,b012llxg,"BBC Proms: 2011: Prom 06: Stravinsky",NULL,NULL,0,light
261,events,8,audio_programme,b012llxg,"BBC Proms: 2011: Prom 06: Stravinsky",NULL,NULL,0,light
263,events,8,audio_programme,b012llxb,"BBC Proms: 2011: Prom 06: Weber, Brahms",NULL,NULL,0,light
265,events,8,audio_programme,b012llxd,,NULL,NULL,0,light
267,events,8,playcom,b012llxd,,"Stravinsky and the King's Horse",NULL,0,light
269,events,8,audio_clip,b012llxd,,NULL,NULL,0,light
273,events,9,audio_clip,b012ln94,"BBC Proms: 2011: Prom 07 - Schubert's String Quintet",NULL,NULL,0,light
275,events,9,audio_programme,b012ln94,"BBC Proms: 2011: Prom 07 - Schubert's String Quintet",NULL,NULL,0,light
281,events,10,audio_clip,b012lm57,"BBC Proms: 2011: Prom 08: Dvorak",NULL,NULL,0,light
283,events,10,audio_clip,b012lm5c,"BBC Proms: 2011: Prom 08: Smetana",NULL,NULL,0,light
287,events,10,audio_programme,b012lm5c,"BBC Proms: 2011: Prom 08: Smetana",NULL,NULL,0,light
289,events,10,audio_programme,b012lm57,"BBC Proms: 2011: Prom 08: Dvorak",NULL,NULL,0,light
291,events,11,audio_clip,b012lmb7,"BBC Proms: 2011: Prom 09: Sibelius",NULL,NULL,0,light
293,events,11,audio_clip,b012lmc2,"BBC Proms: 2011: Prom 09: Bartok, Janacek",NULL,NULL,0,light
295,events,11,audio_programme,b012lmc2,"BBC Proms: 2011: Prom 09: Bartok, Janacek",NULL,NULL,0,light
297,events,11,audio_programme,b012lmb7,"BBC Proms: 2011: Prom 09: Sibelius",NULL,NULL,0,light
299,events,12,audio_clip,b012lmg9,"BBC Proms: 2011: Prom 10: Debussy, Ravel",NULL,NULL,0,light
301,events,12,audio_clip,b012lmgf,"BBC Proms: 2011: Prom 10: Ravel, Falla, Debussy",NULL,NULL,0,light
303,events,12,audio_programme,b012lmgf,"BBC Proms: 2011: Prom 10: Ravel, Falla, Debussy",NULL,NULL,0,light
305,events,12,audio_programme,b012lmg9,"BBC Proms: 2011: Prom 10: Debussy, Ravel",NULL,NULL,0,light
307,events,95,audio_clip,b012lmc0,,NULL,NULL,0,light
309,events,95,audio_programme,b012lmc0,,NULL,NULL,0,light
313,events,13,audio_clip,b012r8c4,,NULL,NULL,0,light
315,events,13,audio_clip,b012r8cv,,NULL,NULL,0,light
317,events,13,audio_programme,b012r8cv,,NULL,NULL,0,light
319,events,13,audio_programme,b012r8c4,,NULL,NULL,0,light
333,events,2,playcom,p00j72hc,"BBC Proms: Liszt: Piano Concerto No. 2 - excerpt","Benjamin Grosvenor plays Liszt - Piano Concert No. 2: watch excerpt",NULL,0,light
335,events,2,playcom,p00j72gv,"BBC Proms: 2011: Prom 1: Weir, Brahms, Liszt: Judith Weir: Stars, Night, Music and Light","Judith Weir - Stars, Night, Music and Light: watch excerpt",NULL,0,light
337,events,2,playcom,p00j72hv,"BBC Proms: 2011: Prom 1: Janacek: Janacek: Glagolitic Mass from First Night of The Proms","Janacek - Glagolitic Mass: watch excerpt",NULL,0,light
339,events,3,audio_programme,b012pd9h,"BBC Proms: 2011: Prom 02: William Tell Acts 3 and 4",NULL,NULL,0,light
341,events,3,audio_clip,b012pd9h,"BBC Proms: 2011: Prom 02: William Tell Acts 3 and 4",NULL,NULL,0,light
343,events,3,playcom,b012ljb4,"BBC Proms: 2011: Proms Plus: Proms Intro: William Tell","Proms Intro: William Tell",NULL,0,light
345,events,3,playcom,b012nhx0,,"Accademia di Santa Cecilia",NULL,0,light
347,events,3,image,http://www.bbc.co.uk/radio3/proms-assets/whats-on/2011/july-16/3/images/prom02-pertusi-and-osborn.jpg,,"Michele Pertusi and John Osborn","BBC/Chris Christodoulou",0,light
349,events,3,image,http://www.bbc.co.uk/radio3/proms-assets/whats-on/2011/july-16/3/images/prom02-antonio-pappano-1.jpg,,"Antonio Pappano","BBC/Chris Christodoulou",0,light
351,events,3,image,http://www.bbc.co.uk/radio3/proms-assets/whats-on/2011/july-16/3/images/prom02-antonio-pappano-2.jpg,,"Antonio Pappano","BBC/Chris Christodoulou",0,light
353,events,3,image,http://www.bbc.co.uk/radio3/proms-assets/whats-on/2011/july-16/3/images/prom02-antonio-pappano-3.jpg,,"Antonio Pappano conducts the Orchestra and Chorus of the Academy of Santa Cecilia, Rome","BBC/Chris Christodoulou",0,light
355,events,5,image,http://www.bbc.co.uk//radio3/proms-assets/whats-on/2011/july-17/5/images/p04_martyn_brabbins1.jpg,,"Martyn Brabbins conducts over 1,000 musicians in a performance of Havergal Brian’s ‘Gothic Symphony’.","BBC/Chris Christodoulou",0,light
357,events,5,image,http://www/radio3/proms-assets/whats-on/2011/july-17/5/images/p04_gothic_performers1.jpg,,"The BBC Concert Orchestra and BBC National Orchestra of Wales join ten choirs for Havergal Brian’s ‘Gothic Symphony’.","BBC/Chris Christodoulou",0,light
359,events,5,image,http://www.bbc.co.uk//radio3/proms-assets/whats-on/2011/july-17/5/images/p04_gothic_performers2.jpg,,"The BBC Concert Orchestra and BBC National Orchestra of Wales join ten choirs for Havergal Brian’s ‘Gothic Symphony’.","BBC/Chris Christodoulou",0,light
361,events,5,image,http://www.bbc.co.uk//radio3/proms-assets/whats-on/2011/july-17/5/images/p04_gothic_performers3.jpg,,"The BBC Concert Orchestra and BBC National Orchestra of Wales join ten choirs for Havergal Brian’s ‘Gothic Symphony’.","BBC/Chris Christodoulou",0,light
363,events,5,image,http://www.bbc.co.uk//radio3/proms-assets/whats-on/2011/july-17/5/images/p04_gothic_choir1.jpg,,"The BBC Concert Orchestra and BBC National Orchestra of Wales join ten choirs for Havergal Brian’s ‘Gothic Symphony’.","BBC/Chris Christodoulou",0,light
365,events,7,image,http://www.bbc.co.uk//radio3/proms-assets/whats-on/2011/july-18/7/images/05_capucon_bros_1.jpg,,"Gautier and Renaud Capuçon","Michael Tammaro & Mat Hennek",0,light
367,events,8,image,http://www.bbc.co.uk//radio3/proms-assets/whats-on/2011/july-18/7/images/05_capucon_bros_1.jpg,,"Gautier and Renaud Capuçon","Michael Tammaro & Mat Hennek",0,light
373,events,15,audio_clip,b012r95z,"BBC Proms: 2011: Prom 13 - Verdi's Requiem",NULL,NULL,0,light
375,events,15,audio_programme,b012r95z,"BBC Proms: 2011: Prom 13 - Verdi's Requiem",NULL,NULL,0,light
377,events,11,video_clip,b012p5db,"BBC Proms: 2011: Mark Elder Conducts The Halle",NULL,NULL,0,light
379,events,11,video_programme,b012p5db,"BBC Proms: 2011: Mark Elder Conducts The Halle",NULL,NULL,0,light
381,events,12,video_clip,b012rzdr,"BBC Proms: 2011: Spanish Night with the BBC Philharmonic",NULL,NULL,0,light
383,events,12,video_programme,b012rzdr,"BBC Proms: 2011: Spanish Night with the BBC Philharmonic",NULL,NULL,0,light
387,events,13,image,http://www.bbc.co.uk/radio3/proms-assets/whats-on/2011/july-23/13/images/11p-enock-mbongwe.jpg,,"Enock Mbongwe","BBC/Chris Christodoulou",0,light
389,events,13,image,http://www.bbc.co.uk/radio3/proms-assets/whats-on/2011/july-23/13/images/11p-khusugtun.jpg,,Khusugtun,"BBC/Chris Christodoulou",0,light
391,events,13,image,http://www.bbc.co.uk/radio3/proms-assets/whats-on/2011/july-23/13/images/11p-rasmus-lyberth.jpg,,"Rasmus Lyberth","BBC/Chris Christodoulou",0,light
393,events,8,video_programme,b012xtwf,"BBC Proms: 2011: Stravinsky's Rite of Spring",NULL,NULL,0,light
395,events,101,audio_clip,"b012r95v ",,NULL,NULL,0,light
397,events,101,audio_programme,b012r95v,,NULL,NULL,0,light
399,events,16,audio_clip,b012r9qq,"BBC Proms: 2011: Proms Chamber Music: PCM 02 - Elias String Quartet, Julian Bliss",NULL,NULL,0,light
401,events,16,audio_programme,b012r9qq,"BBC Proms: 2011: Proms Chamber Music: PCM 02 - Elias String Quartet, Julian Bliss",NULL,NULL,0,light
403,events,17,audio_clip,b012r9qx,"BBC Proms: 2011: Prom 14 - Mahler's Symphony No 9",NULL,NULL,0,light
405,events,17,audio_programme,b012r9qx,"BBC Proms: 2011: Prom 14 - Mahler's Symphony No 9",NULL,NULL,0,light
407,events,18,audio_clip,b012r9xw,"BBC Proms: 2011: Prom 15: Kodaly, Bartok",NULL,NULL,0,light
409,events,18,audio_programme,b012r9xw,"BBC Proms: 2011: Prom 15: Kodaly, Bartok",NULL,NULL,0,light
411,events,18,audio_clip,b012r9zf,"BBC Proms: 2011: Prom 15: Liszt",NULL,NULL,0,light
413,events,18,audio_programme,b012r9zf,"BBC Proms: 2011: Prom 15: Liszt",NULL,NULL,0,light
415,events,103,audio_clip,b012r9zc,,NULL,NULL,0,light
417,events,103,audio_programme,b012r9zc,,NULL,NULL,0,light
419,events,19,audio_clip,b012rb3j,"BBC Proms: 2011: Prom 16: Berlioz, Faure, Dusapin",NULL,NULL,0,light
421,events,19,audio_programme,b012rb3j,"BBC Proms: 2011: Prom 16: Berlioz, Faure, Dusapin",NULL,NULL,0,light
423,events,19,audio_clip,b012rb50,"BBC Proms: 2011: Prom 16: Stravinsky",NULL,NULL,0,light
425,events,19,audio_programme,b012rb50,"BBC Proms: 2011: Prom 16: Stravinsky",NULL,NULL,0,light
427,events,164,audio_clip,b012rb50,,NULL,NULL,0,light
429,events,164,audio_programme,b012rb50,,NULL,NULL,0,light
431,events,20,audio_clip,b012rb58,,NULL,NULL,0,light
433,events,20,audio_programme,b012rb58,,NULL,NULL,0,light
435,events,21,audio_clip,b012rbr2,"BBC Proms: 2011: Prom 18: Beethoven, Dalbavie",NULL,NULL,0,light
437,events,21,audio_programme,b012rbr2,"BBC Proms: 2011: Prom 18: Beethoven, Dalbavie",NULL,NULL,0,light
439,events,21,audio_clip,b012rbr6,"BBC Proms: 2011: Prom 18: Carter, Beethoven",NULL,NULL,0,light
441,events,21,audio_programme,b012rbr6,"BBC Proms: 2011: Prom 18: Carter, Beethoven",NULL,NULL,0,light
443,events,17,video_clip,b012tq1j,"BBC Proms: 2011: Mahler's Ninth Symphony",NULL,NULL,0,light
445,events,17,video_programme,b012tq1j,"BBC Proms: 2011: Mahler's Ninth Symphony",NULL,NULL,0,light
447,events,18,video_clip,b012tq6q,"BBC Proms: 2011: Hungarian Night with the London Philharmonic",NULL,NULL,0,light
449,events,18,video_programme,b012tq6q,"BBC Proms: 2011: Hungarian Night with the London Philharmonic",NULL,NULL,0,light
455,events,22,audio_clip,b012rbwj,"BBC Proms: 2011: Prom 19: Castiglioni, Debussy",NULL,NULL,0,light
457,events,22,audio_programme,b012rbwj,"BBC Proms: 2011: Prom 19: Castiglioni, Debussy",NULL,NULL,0,light
459,events,23,audio_clip,b012wgw8,,NULL,NULL,0,light
461,events,23,audio_programme,b012wgw8,,NULL,NULL,0,light
463,events,23,audio_clip,b012wgwz,,NULL,NULL,0,light
465,events,23,audio_programme,b012wgwz,,NULL,NULL,0,light
467,events,24,audio_clip,b012wgzh,"BBC Proms: 2011: Prom 21: Strauss, Walton",NULL,NULL,0,light
469,events,24,audio_programme,b012wgzh,"BBC Proms: 2011: Prom 21: Strauss, Walton",NULL,NULL,0,light
471,events,24,audio_clip,b012whdk,"BBC Proms: 2011: Prom 21: Prokofiev, Strauss",NULL,NULL,0,light
473,events,24,audio_programme,b012whdk,"BBC Proms: 2011: Prom 21: Prokofiev, Strauss",NULL,NULL,0,light
475,events,24,video_clip,b0133hxl,"BBC Proms: 2011: Walton's Violin Concerto",NULL,NULL,0,light
477,events,24,video_programme,b0133hxl,"BBC Proms: 2011: Walton's Violin Concerto",NULL,NULL,0,light
479,events,107,audio_clip,b012whdw,,NULL,NULL,0,light
481,events,107,audio_programme,b012whdw,,NULL,NULL,0,light
483,events,109,audio_clip,b012whs2,,NULL,NULL,0,light
485,events,109,audio_programme,b012whs2,,NULL,NULL,0,light
487,events,25,audio_clip,b012whs6,"BBC Proms: 2011: Prom 22: Rachmaninov: Spring, Women's and Men's Dances (Aleko), Three Russian Songs",NULL,NULL,0,light
489,events,25,audio_programme,b012whs6,"BBC Proms: 2011: Prom 22: Rachmaninov: Spring, Women's and Men's Dances (Aleko), Three Russian Songs",NULL,NULL,0,light
491,events,94,audio_programme,b012lm59,,NULL,NULL,0,light
493,events,15,image,http://www/radio3/proms-assets/whats-on/2011/july-24/15/images/13_semyon_bychkov.jpg,,"Semyon Bychkov conducts the BBC Symphony Orchestra and Chorus in a BBC Proms performance of Verdi's Requiem","BBC/Chris Christodoulou",0,light
495,events,15,image,http://www/radio3/proms-assets/whats-on/2011/july-24/15/images/13_joseph_calleja.jpg,,"Tenor Joseph Calleja sings in Verdi’s Requiem at the BBC Proms, conducted by Semyon Bychkov.","BBC/Chris Christodoulou",0,light
497,events,15,image,http://www/radio3/proms-assets/whats-on/2011/july-24/15/images/13_marina_poplavskaya2.jpg,,"Soprano Marina Poplavskaya sings in Verdi’s Requiem at the BBC Proms, conducted by Semyon Bychkov.","BBC/Chris Christodoulou",0,light
499,events,15,image,http://www/radio3/proms-assets/whats-on/2011/july-24/15/images/13_choir_and_orchestra.jpg,,"Semyon Bychkov conducts the BBC Symphony Orchestra and Chorus in a BBC Proms performance of Verdi’s Requiem.","BBC/Chris Christodoulou",0,light
501,events,26,audio_clip,b012wyjc,"BBC Proms: 2011: Proms Chamber Music: PCM 03 - Les Talens Lyriques",NULL,NULL,0,light
503,events,26,audio_programme,b012wyjc,"BBC Proms: 2011: Proms Chamber Music: PCM 03 - Les Talens Lyriques",NULL,NULL,0,light
509,events,110,audio_clip,b012wyjm,,NULL,NULL,0,light
511,events,110,audio_programme,b012wyjm,,NULL,NULL,0,light
513,events,28,audio_clip,b012wznq,"BBC Proms: 2011: Prom 24: Elgar",NULL,NULL,0,light
515,events,28,audio_programme,b012wznq,"BBC Proms: 2011: Prom 24: Elgar",NULL,NULL,0,light
517,events,28,audio_clip,b012wznv,"BBC Proms: 2011: Prom 24: Grainger, Strauss",NULL,NULL,0,light
519,events,28,audio_programme,b012wznv,"BBC Proms: 2011: Prom 24: Grainger, Strauss",NULL,NULL,0,light
523,events,29,audio_clip,b012wzss,"BBC Proms: 2011: Prom 25 - Grainger",NULL,NULL,0,light
525,events,29,audio_programme,b012wzss,"BBC Proms: 2011: Prom 25 - Grainger",NULL,NULL,0,light
527,events,111,audio_clip,b012wzsq,,NULL,NULL,0,light
529,events,111,audio_programme,b012wzsq,,NULL,NULL,0,light
531,events,30,audio_clip,b012x08r,"BBC Proms: 2011: Prom 26: Debussy, Dutilleux, Ravel",NULL,NULL,0,light
533,events,30,audio_programme,b012x08r,"BBC Proms: 2011: Prom 26: Debussy, Dutilleux, Ravel",NULL,NULL,0,light
535,events,30,audio_clip,b012x08w,"BBC Proms: 2011: Prom 26: Ravel",NULL,NULL,0,light
537,events,30,audio_programme,b012x08w,"BBC Proms: 2011: Prom 26: Ravel",NULL,NULL,0,light
539,events,25,audio_clip,b012whsb,"BBC Proms: 2011: Prom 22: Vocalise, The Bells",NULL,NULL,0,light
541,events,25,audio_programme,b012whsb,"BBC Proms: 2011: Prom 22: Vocalise, The Bells",NULL,NULL,0,light
547,events,17,maestrocam,p00jh2fv,"BBC Proms: 2011: Mahler's Ninth Symphony: MaestroCam: Elgar - Elegy","MaestroCam: Elgar - Elegy",NULL,0,light
551,events,98,image,http://www.bbc.co.uk/radio3/proms-assets/whats-on/2011/july-23/98/images/hpitp_MG_5584.jpg,,"Human Planet in the Park","BBC/Simon Jay Price",0,light
553,events,98,image,http://www.bbc.co.uk/radio3/proms-assets/whats-on/2011/july-23/98/images/hpitp_MG_5499.jpg,,"Human Planet in the Park","BBC/Simon Jay Price",0,light
555,events,98,image,http://www.bbc.co.uk/radio3/proms-assets/whats-on/2011/july-23/98/images/hpitp_Z7W0379.jpg,,"Human Planet in the Park","BBC/Simon Jay Price",0,light
557,events,98,image,http://www.bbc.co.uk/radio3/proms-assets/whats-on/2011/july-23/98/images/hpitp_MG_5476.jpg,,"Human Planet in the Park","BBC/Simon Jay Price",0,light
559,events,31,audio_clip,b012x14k,"BBC Proms: 2011: Prom 27: Robin Holloway, Strauss",NULL,NULL,0,light
561,events,31,audio_programme,b012x14k,"BBC Proms: 2011: Prom 27: Robin Holloway, Strauss",NULL,NULL,0,light
563,events,31,audio_clip,b012x14p,"BBC Proms: 2011: Prom 27: Brahms",NULL,NULL,0,light
565,events,31,audio_programme,b012x14p,"BBC Proms: 2011: Prom 27: Brahms",NULL,NULL,0,light
567,events,32,audio_clip,b012x14r,"BBC Proms: 2011: Prom 28 - Victoria",NULL,NULL,0,light
569,events,32,audio_programme,b012x14r,"BBC Proms: 2011: Prom 28 - Victoria",NULL,NULL,0,light
571,events,34,audio_clip,b0132lt2,"BBC Proms: 2011: Prom 30: Gabriel Prokofiev, Britten",NULL,NULL,0,light
573,events,34,audio_programme,b0132lt2,"BBC Proms: 2011: Prom 30: Gabriel Prokofiev, Britten",NULL,NULL,0,light
575,events,34,audio_clip,b0132ltt,"BBC Proms: 2011: Prom 30: Prokofiev",NULL,NULL,0,light
577,events,34,audio_programme,b0132ltt,"BBC Proms: 2011: Prom 30: Prokofiev",NULL,NULL,0,light
579,events,35,audio_clip,b0132mmx,"BBC Proms: 2011: Prom 31 - Nigel Kennedy in Bach",NULL,NULL,0,light
581,events,35,audio_programme,b0132mmx,"BBC Proms: 2011: Prom 31 - Nigel Kennedy in Bach",NULL,NULL,0,light
583,events,36,audio_clip,b0132n1z,"BBC Proms: 2011: Prom 32: Brahms",NULL,NULL,0,light
585,events,36,audio_programme,b0132n23,"BBC Proms: 2011: Prom 32: Mahler",NULL,NULL,0,light
587,events,36,audio_programme,b0132n1z,"BBC Proms: 2011: Prom 32: Brahms",NULL,NULL,0,light
591,events,36,audio_clip,b0132n23,"BBC Proms: 2011: Prom 32: Mahler",NULL,NULL,0,light
593,events,117,audio_clip,b0132n1v,,NULL,NULL,0,light
595,events,117,audio_programme,b0132n1v,,NULL,NULL,0,light
597,events,20,image,http://www.bbc.co.uk//radio3/proms-assets/whats-on/2011/july-27/20/images/p17hari-sivanesan.jpg,,"Veena player Hari Sivanesan performs at the World Routes Academy Late Night Prom.","BBC/Chris Christodoulou",0,light
599,events,20,image,http://www.bbc.co.uk//radio3/proms-assets/whats-on/2011/july-27/20/images/p17wra1.jpg,,"L-R Patri Satish Kumar, Priya Parkash, Aruna Sairam, Shobhana Patel and Hari Sivanesan.","BBC/Chris Christodoulou",0,light
601,events,20,image,http://www.bbc.co.uk//radio3/proms-assets/whats-on/2011/july-27/20/images/p17wra2.jpg,,"L-R Bangalore R.N. Prakash, Priya Parkash, Shobhana Patel, Hari Sivanesan and Pirashanna Thevarajah ","BBC/Chris Christodoulou",0,light
603,events,18,playcom,p00jhqjs,"BBC Proms: 2011: Prom 15: Kodaly, Bartok: Kodaly: Dances of Galanta – excerpt","Kodaly: Dances of Galanta - Watch excerpt",NULL,0,light
605,events,18,playcom,p00jhq6s,"BBC Proms: 2011: Prom 15: Kodaly, Bartok: Bartok: Piano Concerto No. 1","Bartok: Piano Concerto No. 1 - Watch excerpt",NULL,0,light
607,events,18,playcom,p00jhq5n,"BBC Proms: 2011: Prom 15: Liszt: Liszt: Faust Symphony – Excerpt","Liszt: A Faust Symphony - Watch excerpt",NULL,0,light
609,events,17,playcom,"p00jhnzf ",,"Mahler: Symphony No. 9 second movement - Watch excerpt",NULL,0,light
611,events,17,playcom,p00jhnw9,"BBC Proms: 2011: Prom 14 - Mahler's Symphony No 9: Mahler: Symphony No. 9 - excerpt (Third Movement)","mahler: Symphony No. 9 third movement - Watch excerpt",NULL,0,light
613,events,17,playcom,p00jhp30,"BBC Proms: Elgar: Elegy For Strings, Op. 58 - excerpt","Elgar: Elegy for Strings - Watch excerpt",NULL,0,light
615,events,15,playcom,"p00jh06l ",,"Verdi: Requiem (Dies Irae) - Watch excerpt",NULL,0,light
617,events,15,playcom,p00jh05n,"BBC Proms: Verdi: Soprano Solo from Requiem - excerpt","Verdi: Requiem (Soprano Solo) - Watch excerpt",NULL,0,light
619,events,13,playcom,p00jd80z,,"Children, Animals and Action - Watch extract",NULL,0,light
625,events,12,playcom,p00jh09q,"BBC Proms: 2011: Prom 10: Debussy, Ravel: Debussy: Images - Iberia – excerpt","Debussy: Images. Iberia - Watch excerpt",NULL,0,light
629,events,11,playcom,p00jc035,"BBC Proms: 2011: Prom 09: Bartok, Janacek: Bartok: Piano Concerto No. 3 – Excerpt","Bartok. Piano Concerto No. 3 - Watch excerpt",NULL,0,light
631,events,11,playcom,p00jby2h,"BBC Proms: Schubert : Hungarian Melody - excerpt","Schubert: Hungarian Melody - Watch excerpt",NULL,0,light
633,events,11,playcom,p00jb86v,"BBC Proms: 2011: Prom 09: Bartok, Janacek: Janacek: Sinfonietta – Excerpt","Janacek: Sinfonietta - Watch excerpt",NULL,0,light
635,events,8,playcom,p00j9c49,"BBC Proms: Brahms: Double Concerto - Excerpt","Brahms: Double Concerto - Watch excerpt",NULL,0,light
637,events,8,playcom,p00jcnqn,"BBC Proms: 2011: Prom 06: Stravinsky: Stravinsky: The Rite Of Spring – Excerpt","Stravinsky: The Rite of Spring - Watch excerpt",NULL,0,light
639,events,8,playcom,p00jcnw3,"BBC Proms: 2011: Prom 06: Weber, Brahms: Handel: Passacaglia (arrangement by Johan Halvorsen) – excerpt","Handel: Passacaglia - Watch excerpt",NULL,0,light
641,events,8,playcom,p00jcnt3,"BBC Proms: 2011: Prom 06: Weber, Brahms: Weber: Oberon - overture – excerpt","Weber: Oberon Overture - Watch excerpt",NULL,0,light
643,events,2,playcom,p00j71dq,"BBC Proms: Benjamin Grosvenor plays Brahms","Benjamin Grosvenor plays a Hungarian Dance - Watch excerpt",NULL,0,light
645,events,23,image,http://www.bbc.co.uk//radio3/proms-assets/whats-on/2011/july-30/23/images/p20henryviii.jpg,,"Actor Ben Willbond performs at the Horrible Histories Free Family BBC Prom as Henry VIII.","BBC/Chris Christodoulou",0,light
647,events,23,image,http://www.bbc.co.uk//radio3/proms-assets/whats-on/2011/july-30/23/images/p20horrible-histories-prom.jpg,,"Horrible Histories Prom  The Horrible Histories Free Family BBC Prom","BBC/Chris Christodoulou",0,light
649,events,23,image,http://www.bbc.co.uk/radio3/proms-assets/whats-on/2011/july-30/23/images/p20the-four-georges.jpg,,"‘The Four Georges’ with the Aurora Orchestra conducted by Nicholas Collon.","BBC/Chris Christodoulou",0,light
651,events,23,image,http://www.bbc.co.uk/radio3/proms-assets/whats-on/2011/july-30/23/images/p20vikings.jpg,,"Vikings invade the Royal Albert Hall at the Horrible Histories Free Family BBC Prom.","BBC/Chris Christodoulou",0,light
653,events,23,image,http://www.bbc.co.uk/radio3/proms-assets/whats-on/2011/july-30/23/images/p20vikings2.jpg,,"Vikings invade the Royal Albert Hall at the Horrible Histories Free Family BBC Prom.","BBC/Chris Christodoulou",0,light
655,events,23,image,http://www.bbc.co.uk/radio3/proms-assets/whats-on/2011/july-30/23/images/20_horrible_histories.jpg,,"Horrible Histories","Rory Lindsay ",0,light
657,events,37,audio_clip,b0132n6k,"BBC Proms: 2011: Proms Chamber Music: Khatia Buniatishvili",NULL,NULL,0,light
659,events,37,audio_programme,b0132n6k,"BBC Proms: 2011: Proms Chamber Music: Khatia Buniatishvili",NULL,NULL,0,light
661,events,118,audio_clip,b0132n6t,,NULL,NULL,0,light
663,events,118,audio_programme,b0132n6t,,NULL,NULL,0,light
665,events,38,audio_clip,b0132n6r,"BBC Proms: 2011: Prom 33: Sibelius, Grieg",NULL,NULL,0,light
667,events,38,audio_programme,b0132n6r,"BBC Proms: 2011: Prom 33: Sibelius, Grieg",NULL,NULL,0,light
669,events,38,audio_clip,b0132n6w,"BBC Proms: 2011: Prom 33: Nielsen",NULL,NULL,0,light
671,events,38,audio_programme,b0132n6w,"BBC Proms: 2011: Prom 33: Nielsen",NULL,NULL,0,light
673,events,30,video_clip,b0137tc5,"BBC Proms: 2011: French Night with the BBC Scottish Symphony Orchestra",NULL,NULL,0,light
675,events,30,video_programme,b0137tc5,"BBC Proms: 2011: French Night with the BBC Scottish Symphony Orchestra",NULL,NULL,0,light
677,events,33,video_clip,b013csn0,"BBC Proms: 2011: Simón Bolívar Symphony Orchestra",NULL,NULL,0,light
679,events,33,video_programme,b013csn0,"BBC Proms: 2011: Simón Bolívar Symphony Orchestra",NULL,NULL,0,light
681,events,13,video_clip,b012znt4,,NULL,NULL,0,light
683,events,13,video_programme,b012znt4,,NULL,NULL,0,light
685,events,33,audio_clip,b012x17l,"BBC Proms: 2011: Prom 29 - Mahler",NULL,NULL,0,light
687,events,33,audio_programme,b012x17l,"BBC Proms: 2011: Prom 29 - Mahler",NULL,NULL,0,light
689,events,28,video_clip,b012znpz,"BBC Proms: 2011: Elgar's Violin Concerto",NULL,NULL,0,light
691,events,28,video_programme,b012znpz,"BBC Proms: 2011: Elgar's Violin Concerto",NULL,NULL,0,light
697,events,39,audio_clip,b0132nyh,"BBC Proms: 2011: Prom 34: Bridge, Simon Holt",NULL,NULL,0,light
699,events,39,audio_programme,b0132nyh,"BBC Proms: 2011: Prom 34: Bridge, Simon Holt",NULL,NULL,0,light
701,events,22,audio_programme,b012rbwd,"BBC Proms: 2011: Prom 19: Honegger, Bridge, Berg",NULL,NULL,0,light
703,events,23,playcom,p00jkq1d,,"Watch excerpt from The Four Georges",NULL,0,light
705,events,40,audio_clip,b0132pd1,"BBC Proms: 2011: Prom 35: Liszt, Gliere",NULL,NULL,0,light
709,events,40,audio_programme,b0132pd1,"BBC Proms: 2011: Prom 35: Liszt, Gliere",NULL,NULL,0,light
711,events,40,audio_clip,b0132pf1,"BBC Proms: 2011: Prom 35: Rachmaninov",NULL,NULL,0,light
713,events,40,audio_programme,b0132pf1,"BBC Proms: 2011: Prom 35: Rachmaninov",NULL,NULL,0,light
715,events,41,audio_clip,b0132pff,"BBC Proms: 2011: Prom 36 - Steve Reich and Ensemble Modern",NULL,NULL,0,light
717,events,41,audio_programme,b0132pff,"BBC Proms: 2011: Prom 36 - Steve Reich and Ensemble Modern",NULL,NULL,0,light
719,events,24,playcom,p00jlczv,"BBC Proms: Walton: Violin Concerto - Excerpt","Watch an excerpt from Walton's Violin Concerto",NULL,0,light
723,events,24,playcom,p00jld3s,"BBC Proms: 2011: Prom 21: Prokofiev, Strauss: Prokofiev: Alexander Nevsky - cantata – Excerpt","Watch an excerpt from Prokofiev's Alexander Nevsky - cantata",NULL,0,light
725,events,24,playcom,p00jlcmr,"BBC Proms: 2011: Prom 21: Strauss, Walton: R. Strauss: Don Juan – excerpt","Watch an extract from Strauss' Don Juan",NULL,0,light
727,events,24,playcom,p00jld56,"BBC Proms: 2011: Prom 21: Prokofiev, Strauss: R. Strauss: Salome – Excerpt","Watch an extract from Strauss' Salome",NULL,0,light
729,events,42,audio_clip,b0132pjd,"BBC Proms: 2011: Prom 37: Bridge, Brahms",NULL,NULL,0,light
731,events,42,audio_programme,b0132pjd,"BBC Proms: 2011: Prom 37: Bridge, Brahms",NULL,NULL,0,light
733,events,42,audio_clip,b0132pkr,"BBC Proms: 2011: Prom 37: Holst, Elgar",NULL,NULL,0,light
735,events,42,audio_programme,b0132pkr,"BBC Proms: 2011: Prom 37: Holst, Elgar",NULL,NULL,0,light
737,pages,57,image,http://www.bbc.co.uk/radio3/proms-assets/whats-on/2011/august-03/30/images/Gabriel_1963451b.jpg,"Gabriel Prokofiev's Concerto for Turntables and Orchestra will be performed as part of Prom 30 by DJ Switch and the National Youth Orchestra of Great Britain","Gabriel Prokofiev",,0,light
739,events,43,audio_clip,b0132prq,"BBC Proms: 2011: Prom 38: Herrmann, Morricone, Walton",NULL,NULL,0,light
741,events,43,audio_programme,b0132prq,"BBC Proms: 2011: Prom 38: Herrmann, Morricone, Walton",NULL,NULL,0,light
743,events,43,audio_clip,b0132ps3,"BBC Proms: 2011: Prom 38: John Williams, Johnny Greenwood, John Barry",NULL,NULL,0,light
745,events,43,audio_programme,b0132ps3,"BBC Proms: 2011: Prom 38: John Williams, Johnny Greenwood, John Barry",NULL,NULL,0,light
747,events,43,video_clip,b0137tj9,"BBC Proms: 2011: Film Music Night",NULL,NULL,0,light
749,events,43,video_programme,b0137tj9,"BBC Proms: 2011: Film Music Night",NULL,NULL,0,light
751,events,123,audio_clip,b0132prs,,NULL,NULL,0,light
753,events,123,audio_programme,b0132prs,,NULL,NULL,0,light
755,events,115,audio_clip,b0134m8p,,NULL,NULL,0,light
757,events,115,audio_programme,b0134m8p,,NULL,NULL,0,light
759,events,44,audio_clip,b0134n2s,,NULL,NULL,0,light
761,events,44,audio_programme,b0134n2s,,NULL,NULL,0,light
763,events,45,audio_clip,b0137yz3,"BBC Proms: 2011: Proms Saturday Matinees: PSM 01 - Bennett, Dutilleux, Maconchy",NULL,NULL,0,light
765,events,45,audio_programme,b0137yz3,"BBC Proms: 2011: Proms Saturday Matinees: PSM 01 - Bennett, Dutilleux, Maconchy",NULL,NULL,0,light
767,events,46,audio_clip,b01381wd,,NULL,NULL,0,light
769,events,46,audio_programme,b01381wd,,NULL,NULL,0,light
771,events,46,audio_clip,b01381x7,,NULL,NULL,0,light
773,events,46,audio_programme,b01381x7,,NULL,NULL,0,light
775,events,125,audio_clip,b0139127,,NULL,NULL,0,light
777,events,125,audio_programme,b0139127,,NULL,NULL,0,light
779,events,2,video_clip,b013lst3,"BBC Proms: 2011: Benjamin Grosevnor at the First Night of the Proms",NULL,NULL,0,light
781,events,2,video_programme,b013lst3,"BBC Proms: 2011: Benjamin Grosevnor at the First Night of the Proms",NULL,NULL,0,light
783,events,126,audio_clip,b013824g,,NULL,NULL,0,light
785,events,126,audio_programme,b013824g,,NULL,NULL,0,light
791,events,29,video_clip,b013lsyc,"BBC Proms: 2011: Kathryn Tickell and Friends",NULL,NULL,0,light
793,events,29,video_programme,b013lsyc,"BBC Proms: 2011: Kathryn Tickell and Friends",NULL,NULL,0,light
795,events,47,audio_clip,b013824n,"BBC Proms: 2011: Prom 41: Purcell",NULL,NULL,0,light
797,events,47,audio_programme,b013824n,"BBC Proms: 2011: Prom 41: Purcell",NULL,NULL,0,light
799,events,47,audio_clip,b013824s,"BBC Proms: 2011: Prom 41: Purcell",NULL,NULL,0,light
801,events,47,audio_programme,b013824s,"BBC Proms: 2011: Prom 41: Purcell",NULL,NULL,0,light
803,events,28,playcom,p00jn0vg,"BBC Proms: Elgar: Violin Concerto - Excerpt","Watch an excerpt from the Elgar Violin Concerto",NULL,0,light
805,events,28,playcom,p00jn0xd,"BBC Proms: 2011: Prom 24: Grainger, Strauss: R. Strauss: Till Eulenspiegels lustige Streiche – Excerpt","Watch an excerpt from R Strauss's Till Eulenspiegel",NULL,0,light
807,events,33,image,http://www.bbc.co.uk//radio3/proms-assets/whats-on/2011/august-05/33/images/p29dudamel1.jpg,,"Gustavo Dudamel","BBC/Chris Christodoulou",0,light
809,events,33,image,http://www.bbc.co.uk//radio3/proms-assets/whats-on/2011/august-05/33/images/p29dudamel2.jpg,,"Gustavo Dudamel ","BBC/Chris Christodoulou",0,light
811,events,33,image,http://www.bbc.co.uk//radio3/proms-assets/whats-on/2011/august-05/33/images/p29simon-bolivar-so.jpg,,"Gustavo Dudamel conducts the Simon Bolivar Symphony Orchestra of Venezuela and the National Youth Choir of Great Britain.","BBC/Chris Christodoulou",0,light
813,events,33,image,http://www.bbc.co.uk/radio3/proms-assets/whats-on/2011/august-05/33/images/29_dudamel_gustavo_2.jpg,,"Gustavo DUDAMEL ","Luis Cobelo",0,light
819,events,33,maestrocam,p00jn9ww,"BBC Proms: 2011: Prom 29 - Mahler: BBC Proms: Simon Bolivar Symphony Orchestra - Mahler","Watch an extract from Mahler's Symphony No. 2",NULL,0,light
821,events,33,maestrocam,p00jn9xy,"BBC Proms: BBC Proms: Simón Bolívar Symphony Orchestra: Mahler 2 - Finale","Watch an extact from the finale of Mahler's Symphony No. 2",NULL,0,light
825,events,11,audio_programme,b012lmc0,"BBC Proms: 2011: Proms Plus: Proms Intro: Bela Bartok",NULL,NULL,0,light
827,events,18,audio_programme,b012r9zc,"BBC Proms: 2011: Proms Plus: Proms Literary: Faust",NULL,NULL,0,light
829,events,34,image,http://www.bbc.co.uk//radio3/proms-assets/whats-on/2011/august-06/34/images/p30djswitch-vladimir-jurowski.jpg,,"Vladimir Jurowski conducts the National Youth Orchestra of Great Britain and DJ Switch","BBC/Chris Christodoulou",0,light
831,events,34,image,http://www.bbc.co.uk//radio3/proms-assets/whats-on/2011/august-06/34/images/p30cto-for-turntables-and-orchestra.jpg,,"l-r: DJ Switch, Gabriel Prokofiev, Vladimir Jurowski","BBC/Chris Christodoulou",0,light
833,events,34,image,http://www.bbc.co.uk//radio3/proms-assets/whats-on/2011/august-06/34/images/p30benjamin-grosvenor.jpg,,"Benjamin Grosvenor returns to the BBC Proms for his second appearance in 2011, performing Britten’s Piano Concerto. ","BBC/Chris Christodoulou",0,light
835,events,34,image,http://www.bbc.co.uk/radio3/proms-assets/whats-on/2011/august-06/34/images/30_grosvenor_benjamin_2.jpg,,"Benjamin GROSVENOR ","Laurie Lewis",0,light
839,events,35,playcom,p00jnjmv,"BBC Proms: Nigel Kennedy plays Bach","Nigel Kennedy plays Bach's Partita No. 2 - extract",NULL,0,light
841,events,34,playcom,p00jnjql,"BBC Proms: Gabriel Prokofiev - Concerto for Turntables and Orchestra","Gabriel Prokofiev - Concerto for Turntables and Orchestra - extract",NULL,0,light
843,events,34,playcom,p00jnjr9,"BBC Proms: Benjamin Grosvenor plays Boogie Woogie Etude","Benjamin Grosvenor plays Boogie Woogie Etude - extract",NULL,0,light
845,events,34,playcom,p00jnjp9,"BBC Proms: BBC Proms: Prokofiev - Romeo and Juliet","The National Youth Orchestra play Romeo and Juliet - extract",NULL,0,light
847,events,35,image,http://www.bbc.co.uk/radio3/proms-assets/whats-on/2011/august-06/35/images/p31nigel-kennedy2.jpg,,"Nigel Kennedy performing  solo J.S Bach at the BBC Proms on Saturday 6 August","BBC/Chris Christodoulou",0,light
849,events,35,image,http://www.bbc.co.uk//radio3/proms-assets/whats-on/2011/august-06/35/images/p31nigel-kennedy1.jpg,,"Nigel Kennedy performing solo J S Bach at the BBC Proms on Saturday 6 August.","BBC/Chris Christodoulou",0,light
851,events,35,image,http://www.bbc.co.uk//radio3/proms-assets/whats-on/2011/august-06/35/images/p31nigel-kennedy3.jpg,,"Nigel Kennedy performing solo J S Bach at the BBC Proms on Saturday 6 August.","BBC/Chris Christodoulou",0,light
853,events,35,image,http://www.bbc.co.uk//radio3/proms-assets/whats-on/2011/august-06/35/images/p31nigel-kennedy4.jpg,,"Nigel Kennedy performing solo J S Bach at the BBC Proms on Saturday 6 August.","BBC/Chris Christodoulou",0,light
855,events,35,image,http://www.bbc.co.uk/radio3/proms-assets/whats-on/2011/august-06/35/images/31_kennedy_nigel_1.jpg,,"Nigel Kennedy","Rankin / EMI",0,light
857,events,49,audio_clip,b0138372,"BBC Proms: 2011: Prom 42: Swan Lake - Act 1",NULL,NULL,0,light
859,events,49,audio_programme,b0138372,"BBC Proms: 2011: Prom 42: Swan Lake - Act 1",NULL,NULL,0,light
861,events,49,audio_clip,b01383z9,"BBC Proms: 2011: Prom 42: Swan Lake - Acts 2 and 3",NULL,NULL,0,light
863,events,49,audio_programme,b01383z9,"BBC Proms: 2011: Prom 42: Swan Lake - Acts 2 and 3",NULL,NULL,0,light
865,events,48,audio_clip,b013836w,"BBC Proms: 2011: Proms Chamber Music: PCM 05 - Nicholas Daniel, Tom Poster, Aronowitz Ensemble",NULL,NULL,0,light
867,events,48,audio_programme,b013836w,"BBC Proms: 2011: Proms Chamber Music: PCM 05 - Nicholas Daniel, Tom Poster, Aronowitz Ensemble",NULL,NULL,0,light
869,events,50,audio_clip,b013851n,"BBC Proms: 2011: Prom 43: Copland, Bax",NULL,NULL,0,light
871,events,50,audio_programme,b013851n,"BBC Proms: 2011: Prom 43: Copland, Bax",NULL,NULL,0,light
873,events,50,audio_clip,b013857s,"BBC Proms: 2011: Prom 43: Barber, Bartok",NULL,NULL,0,light
875,events,50,audio_programme,b013857s,"BBC Proms: 2011: Prom 43: Barber, Bartok",NULL,NULL,0,light
877,events,50,audio_clip,b013858c,"BBC Proms: 2011: Prom 43: Prokofiev",NULL,NULL,0,light
879,events,50,audio_programme,b013858c,"BBC Proms: 2011: Prom 43: Prokofiev",NULL,NULL,0,light
881,pages,59,image,http://www.bbc.co.uk/radio3/proms-assets/whats-on/2011/august-27/66/images/psm3_wishart_stevie.jpg,,"Stevie Wishart","Els van Riel",0,light
883,events,51,audio_clip,b01385d4,"BBC Proms: 2011: Prom 44: Shostakovich",NULL,NULL,0,light
885,events,51,audio_programme,b01385d4,"BBC Proms: 2011: Prom 44: Shostakovich",NULL,NULL,0,light
887,events,51,audio_clip,b0138tmm,"BBC Proms: 2011: Prom 44: Stravinsky, Tchaikovsky",NULL,NULL,0,light
889,events,51,audio_programme,b0138tmm,"BBC Proms: 2011: Prom 44: Stravinsky, Tchaikovsky",NULL,NULL,0,light
891,events,130,audio_clip,b01385f1,,NULL,NULL,0,light
893,events,130,audio_programme,b01385f1,,NULL,NULL,0,light
895,events,28,playcom,p00jq9gr,"BBC Proms: 2011: Prom 24: Grainger, Strauss: Grainger: Irish Tune from County Derry","Watch Grainger's Irish Song from County Derry",NULL,0,light
897,events,35,playcom,p00jpphb,"BBC Proms: Nigel Kennedy and his band play Bach","Watch Nigel Kennedy and his band perform Bach - Excerpt",NULL,0,light
899,events,39,audio_clip,b0132p48,"BBC Proms: 2011: Prom 34: Dupre, Saint-Saens",NULL,NULL,0,light
901,events,39,audio_programme,b0132p48,"BBC Proms: 2011: Prom 34: Dupre, Saint-Saens",NULL,NULL,0,light
903,events,41,image,http://www.bbc.co.uk//radio3/proms-assets/whats-on/2011/august-10/41/images/p36steve-reich-late-night-prom.jpg,,"Steve Reich (far back), Ensemble Modern and Synergy Vocals perform Reich’s Music for 18 Musicians at the BBC Proms.","BBC/Chris Christodoulou",0,light
905,events,41,image,http://www.bbc.co.uk//radio3/proms-assets/whats-on/2011/august-10/41/images/p36clapping-music.jpg,,"L-R Rainer Römer and Steve Reich perform Reich’s Clapping Music at the BBC Proms.","BBC/Chris Christodoulou",0,light
907,events,41,image,http://www.bbc.co.uk//radio3/proms-assets/whats-on/2011/august-10/41/images/p36steve-reich.jpg,,"Steve Reich gives the first Proms performance of his seminal 1974-6 work Music for 18 Musicians with Synergy Vocals and Ensemble","BBC/Chris Christodoulou",0,light
909,events,41,image,http://www.bbc.co.uk/radio3/proms-assets/whats-on/2011/august-10/40/images/35_reich_steve.jpg,,"Steve REICH ","Wonge Bergmann",0,light
911,events,30,playcom,p00jrbr7,"BBC Proms: 2011: Prom 26: Debussy, Dutilleux, Ravel: Debussy: Prelude a l'apres-midi d'un faune – excerpt","Debusssy - Prelude a L'apres-midi d'un faune (extract)",NULL,0,light
913,events,30,playcom,p00jrc2m,"BBC Proms: 2011: Prom 26: Debussy, Dutilleux, Ravel: Henri Dutilleux: 'Tout un monde lointain ...' – excerpt","Dutilleux - Tout un monde lointain (excerpt)",NULL,0,light
915,events,30,playcom,p00jrcmj,"BBC Proms: Ravel: Bolero - Excerpt","Ravel - Bolero (excerpt)",NULL,0,light
917,events,43,image,http://www.bbc.co.uk/radio3/proms-assets/whats-on/2011/august-12/43/images/p38chloe-hanslip-keith-lockhart-2.jpg,,"Violinist Chloe Hanslip and conductor Keith Lockhart at the BBC Film Music Prom.","BBC/Chris Christodoulou",0,light
919,events,43,image,http://www.bbc.co.uk/radio3/proms-assets/whats-on/2011/august-12/43/images/p38chloe-hanslip-keith-lockhart-1.jpg,,"Violinist Chloe Hanslip performs the theme from Schindler's List with the BBC Concert Orchestra conducted by Keith Lockhart.","BBC/Chris Christodoulou",0,light
921,events,43,image,http://www.bbc.co.uk/radio3/proms-assets/whats-on/2011/august-12/43/images/p38rory-kinnear-keith-lockhart.jpg,,"The BBC Concert Orchestra conducted by Keith Lockhart perform Walton's Henry V - Suite at the BBC Proms narrated by Rory Kinnear","BBC/Chris Christodoulou",0,light
923,events,44,image,http://www.bbc.co.uk/radio3/proms-assets/whats-on/2011/august-12/44/images/p39spaghetti-western-orchestra3.jpg,,"The Spaghetti Western Orchestra recreating the soundtracks of Ennio Morricone ","BBC/Chris Christodoulou",0,light
925,events,44,image,http://www.bbc.co.uk/radio3/proms-assets/whats-on/2011/august-12/44/images/p39spaghetti-western-orchestra1.jpg,,"The Spaghetti Western Orchestra recreating the soundtracks of Ennio Morricone. ","BBC/Chris Christodoulou",0,light
927,events,44,image,http://www.bbc.co.uk/radio3/proms-assets/whats-on/2011/august-12/44/images/p39spaghetti-western-orchestra4.jpg,,"The Spaghetti Western Orchestra recreating the soundtracks of Ennio Morricone ","BBC/Chris Christodoulou",0,light
929,events,44,image,http://www.bbc.co.uk/radio3/proms-assets/whats-on/2011/august-12/44/images/p39spaghetti-western-orchestra2.jpg,,"The Spaghetti Western Orchestra recreating the soundtracks of Ennio Morricone. ","BBC/Chris Christodoulou",0,light
931,events,44,image,http://www.bbc.co.uk/radio3/proms-assets/whats-on/2011/august-12/44/images/39_spaghetti_western_orchestra.jpg,,"SPAGHETTI WESTERN Orchestra ","Olivier Samson Arcand",0,light
933,events,43,playcom,p00jst4m,,"Schindler's List by John Williams",NULL,0,light
935,events,43,playcom,p00jst57,,"The James Bond Theme - John Barry",NULL,0,light
937,events,43,playcom,p00jst73,"BBC Proms: Psycho: Music from the Hitchcock film by Bernard Herrmann","Psycho: Music from the Hitchcock film by Bernard Herrmann",NULL,0,light
939,events,44,playcom,p00jssv1,,"Morricone: The Good, the Bad, and the Ugly",NULL,0,light
941,events,44,playcom,p00jssxv,,"Spaghetti Western Orchestra - Chi Mai",NULL,0,light
943,events,46,image,http://www.bbc.co.uk/radio3/proms-assets/whats-on/2011/august-13/46/images/p40tim-minchin1.jpg,,"Tim Minchin performing at the first ever Comedy Prom at the BBC Proms ","BBC/Chris Christodoulou",0,light
945,events,46,image,http://www.bbc.co.uk/radio3/proms-assets/whats-on/2011/august-13/46/images/p40tim-minchin-and-bbcco.jpg,,"Tim Minchin and the BBC Concert Orchestra with musical director Jules Buckley.","BBC/Chris Christodoulou",0,light
947,events,46,image,http://www.bbc.co.uk/radio3/proms-assets/whats-on/2011/august-13/46/images/p40sue-perkins1.jpg,,"Sue Perkins performing at the first ever Comedy Prom.","BBC/Chris Christodoulou",0,light
949,events,46,image,http://www.bbc.co.uk/radio3/proms-assets/whats-on/2011/august-13/46/images/p40sue-perkins2.jpg,,"Sue Perkins with Nelson the fox from Mongrels.","BBC/Chris Christodoulou",0,light
951,events,46,image,http://www.bbc.co.uk/radio3/proms-assets/whats-on/2011/august-13/46/images/p40mongrels.jpg,,"Mongrels performing at the first ever Comedy Prom.","BBC/Chris Christodoulou",0,light
953,events,46,image,http://www.bbc.co.uk/radio3/proms-assets/whats-on/2011/august-13/46/images/p40doc-brown.jpg,,"Doc Brown performing at the first ever Comedy Prom.","BBC/Chris Christodoulou",0,light
955,events,52,audio_clip,b0138y22,"BBC Proms: 2011: Prom 45: Larcher",NULL,NULL,0,light
957,events,52,audio_programme,b0138y22,"BBC Proms: 2011: Prom 45: Larcher",NULL,NULL,0,light
959,events,52,audio_clip,b0138y26,"BBC Proms: 2011: Prom 45: Bruckner",NULL,NULL,0,light
961,events,52,audio_programme,b0138y26,"BBC Proms: 2011: Prom 45: Bruckner",NULL,NULL,0,light
963,events,131,audio_clip,b0138y32,,NULL,NULL,0,light
965,events,131,audio_programme,b0138y32,,NULL,NULL,0,light
967,events,53,audio_clip,b0138y34,"BBC Proms: 2011: Prom 46 - Viktoria Mullova, Matthew Barley",NULL,NULL,0,light
969,events,53,audio_programme,b0138y34,"BBC Proms: 2011: Prom 46 - Viktoria Mullova, Matthew Barley",NULL,NULL,0,light
971,events,54,audio_clip,b0138ycc,"BBC Proms: 2011: Prom 47: Brahms: Symphony No 3",NULL,NULL,0,light
973,events,54,audio_programme,b0138ycc,"BBC Proms: 2011: Prom 47: Brahms: Symphony No 3",NULL,NULL,0,light
975,events,54,video_clip,b013lt5v,"BBC Proms: 2011: Brahms Night with Bernard Haintink and Emanuel Ax",NULL,NULL,0,light
977,events,54,video_programme,b013lt5v,"BBC Proms: 2011: Brahms Night with Bernard Haintink and Emanuel Ax",NULL,NULL,0,light
979,events,132,audio_clip,b0138ycf,,NULL,NULL,0,light
981,events,132,audio_programme,b0138ycf,,NULL,NULL,0,light
983,events,54,audio_clip,b0138yd0,"BBC Proms: 2011: Prom 47: Brahms: Piano Concerto No 1",NULL,NULL,0,light
985,events,54,audio_programme,b0138yd0,"BBC Proms: 2011: Prom 47: Brahms: Piano Concerto No 1",NULL,NULL,0,light
987,events,55,audio_clip,b0138yh5,"BBC Proms: 2011: Prom 48 - Brahms, Schumann",NULL,NULL,0,light
989,events,55,audio_programme,b0138yh5,"BBC Proms: 2011: Prom 48 - Brahms, Schumann",NULL,NULL,0,light
991,events,56,audio_clip,b013lqmj,"BBC Proms: 2011: Proms Saturday Matinees: PSM 02 - Maxwell Davies, Aperghis, Birtwistle",NULL,NULL,0,light
993,events,56,audio_programme,b013lqmj,"BBC Proms: 2011: Proms Saturday Matinees: PSM 02 - Maxwell Davies, Aperghis, Birtwistle",NULL,NULL,0,light
995,events,57,audio_clip,b013lqqm,"BBC Proms: 2011: Prom 49: Brahms - Piano Concerto No 2",NULL,NULL,0,light
997,events,57,audio_programme,b013lqqm,"BBC Proms: 2011: Prom 49: Brahms - Piano Concerto No 2",NULL,NULL,0,light
999,events,57,audio_clip,b013lr1n,"BBC Proms: 2011: Prom 49: Brahms - Symphony No 4",NULL,NULL,0,light
1001,events,57,audio_programme,b013lr1n,"BBC Proms: 2011: Prom 49: Brahms - Symphony No 4",NULL,NULL,0,light
1003,events,133,audio_clip,b013lr1l,,NULL,NULL,0,light
1005,events,133,audio_programme,b013lr1l,,NULL,NULL,0,light
1007,events,57,video_clip,b013z3nn,"BBC Proms: 2011: Brahms' Symphony No 4",NULL,NULL,0,light
1009,events,57,video_programme,b013z3nn,"BBC Proms: 2011: Brahms' Symphony No 4",NULL,NULL,0,light
1011,events,135,audio_clip,b013lrrl,,NULL,NULL,0,light
1013,events,135,audio_programme,b013lrrl,,NULL,NULL,0,light
1015,events,15,video_clip,b013rj8d,"BBC Proms: 2011: Verdi's Requiem",NULL,NULL,0,light
1017,events,15,video_programme,b013rj8d,"BBC Proms: 2011: Verdi's Requiem",NULL,NULL,0,light
1019,events,58,audio_clip,b013lrrq,"BBC Proms: 2011: Prom 50: Britten, Matthews",NULL,NULL,0,light
1021,events,58,audio_programme,b013lrrq,"BBC Proms: 2011: Prom 50: Britten, Matthews",NULL,NULL,0,light
1023,events,58,audio_clip,b013lrrv,"BBC Proms: 2011: Prom 50: Mozart",NULL,NULL,0,light
1025,events,58,audio_programme,b013lrrv,"BBC Proms: 2011: Prom 50: Mozart",NULL,NULL,0,light
1027,events,46,playcom,p00jt1mz,,"Tim Minchin - F Sharp ",NULL,0,light
1029,events,46,playcom,p00jt1px,,"Mongrels: Middle Class is Magical",NULL,0,light
1031,events,46,playcom,p00jt1mc,,"An Arrangement of Pachelbel's Canon",NULL,0,light
1033,events,34,video_programme,b013q72x,"BBC Proms: 2011: The National Youth Orchestra",NULL,NULL,0,light
1035,events,22,audio_clip,b012rbwd,,NULL,NULL,0,light
1037,events,59,audio_clip,b013m2cp,"BBC Proms: 2011: Proms Chamber Music: PCM 06 - Martinu, Dutilleux, Prokofiev",NULL,NULL,0,light
1039,events,59,audio_programme,b013m2cp,"BBC Proms: 2011: Proms Chamber Music: PCM 06 - Martinu, Dutilleux, Prokofiev",NULL,NULL,0,light
1041,events,60,audio_clip,b013m2cw,"BBC Proms: 2011: Prom 51: Wagner, Liszt, Volans",NULL,NULL,0,light
1043,events,60,audio_programme,b013m2cw,"BBC Proms: 2011: Prom 51: Wagner, Liszt, Volans",NULL,NULL,0,light
1045,events,60,audio_clip,b013m2d0,"BBC Proms: 2011: Prom 51: Brahms",NULL,NULL,0,light
1047,events,60,audio_programme,b013m2d0,"BBC Proms: 2011: Prom 51: Brahms",NULL,NULL,0,light
1049,events,136,audio_clip,b013m2d2,"BBC Proms: 2011: Proms Composer Portraits: Kevin Volans",NULL,NULL,0,light
1051,events,136,audio_programme,b013m2d2,"BBC Proms: 2011: Proms Composer Portraits: Kevin Volans",NULL,NULL,0,light
1053,events,29,playcom,p00jtppm,"BBC Proms: Grainger: Shepherd's Hey - medley","Grainger: Shepherd's Hey - medley",NULL,0,light
1055,events,29,playcom,p00jv8fc,"BBC Proms: The Wilson Family: Round The Bay Of Mexico","The Wilson Family: Round The Bay Of Mexico",NULL,0,light
1057,events,49,image,http://www.bbc.co.uk/radio3/proms-assets/whats-on/2011/august-15/49/images/p42valery-gergiev-2.jpg,,"Valery Gergiev conducts the Orchestra of the Mariinsky Theatre","BBC/Chris Christodoulou",0,light
1059,events,49,image,http://www.bbc.co.uk/radio3/proms-assets/whats-on/2011/august-15/49/images/p42valery-gergiev-1.jpg,,"Valery Gergiev conducts the Orchestra of the Mariinsky Theatre","BBC/Chris Christodoulou",0,light
1061,events,49,image,http://www.bbc.co.uk/radio3/proms-assets/whats-on/2011/august-15/49/images/p42gergiev-and-orchestra.jpg,,"Valery Gergiev conducts the Orchestra of the Mariinsky Theatre","BBC/Chris Christodoulou",0,light
1063,events,49,image,http://www.bbc.co.uk/radio3/proms-assets/whats-on/2011/august-15/49/images/p42gergiev-and-orchestra-3.jpg,,"Valery Gergiev conducts the Orchestra of the Mariinsky Theatre","BBC/Chris Christodoulou",0,light
1065,events,47,image,http://www.bbc.co.uk/radio3/proms-assets/whats-on/2011/august-14/47/images/p41-mark-wigglesworth-2.jpg,,"Mark Wigglesworth conducts the BBC Symphony Orchestra","BBC/Chris Christodoulou",0,light
1067,events,47,image,http://www.bbc.co.uk/radio3/proms-assets/whats-on/2011/august-14/47/images/p41amanda-roocroft.jpg,,"Soprano Amanda Roocroft performs in Britten’s Spring Symphony","BBC/Chris Christodoulou",0,light
1069,events,47,image,http://www.bbc.co.uk/radio3/proms-assets/whats-on/2011/august-14/47/images/p41-christine-rice.jpg,,"Mezzo-soprano Christine Rice performs in Britten’s Spring Symphony","BBC/Chris Christodoulou",0,light
1071,events,47,image,http://www.bbc.co.uk/radio3/proms-assets/whats-on/2011/august-14/47/images/p41-leigh-melrose.jpg,,"Baritone Leigh Melrose performs in Britten’s Cantata misericordium","BBC/Chris Christodoulou",0,light
1073,events,47,image,http://www.bbc.co.uk/radio3/proms-assets/whats-on/2011/august-14/47/images/p41-alan-oke.jpg,,"Tenor Alan Oke performs in Britten’s Cantata misericordium","BBC/Chris Christodoulou",0,light
1075,events,63,audio_programme,b013m6jp,"BBC Proms: 2011: Prom 54 - Liszt",NULL,NULL,0,light
1077,events,63,audio_clip,b013m6jp,"BBC Proms: 2011: Prom 54 - Liszt",NULL,NULL,0,light
1079,events,61,audio_clip,b013m47l,"BBC Proms: 2011: Prom 52: Prokofiev: Symphony No 1. Dutilleux: L'arbre des songes",NULL,NULL,0,light
1081,events,61,audio_programme,b013m47l,"BBC Proms: 2011: Prom 52: Prokofiev: Symphony No 1. Dutilleux: L'arbre des songes",NULL,NULL,0,light
1083,events,61,audio_clip,b013m47q,"BBC Proms: 2011: Prom 52: Dutilleux: Slava's Fanfare. Prokofiev: Symphony No 5",NULL,NULL,0,light
1085,events,61,audio_programme,b013m47q,"BBC Proms: 2011: Prom 52: Dutilleux: Slava's Fanfare. Prokofiev: Symphony No 5",NULL,NULL,0,light
1087,events,62,audio_clip,b013m6jh,"BBC Proms: 2011: Prom 53: Stravinsky, Ravel",NULL,NULL,0,light
1089,events,62,audio_programme,b013m6jh,"BBC Proms: 2011: Prom 53: Stravinsky, Ravel",NULL,NULL,0,light
1091,events,64,audio_clip,b013m6sp,"BBC Proms: 2011: Prom 55: Handel's Rinaldo - Act 1",NULL,NULL,0,light
1093,events,64,audio_programme,b013m6sp,"BBC Proms: 2011: Prom 55: Handel's Rinaldo - Act 1",NULL,NULL,0,light
1095,events,64,audio_clip,b013m6st,"BBC Proms: 2011: Prom 55: Handel's Rinaldo - Act 2",NULL,NULL,0,light
1097,events,64,audio_programme,b013m6st,"BBC Proms: 2011: Prom 55: Handel's Rinaldo - Act 2",NULL,NULL,0,light
1099,events,29,playcom,p00jwr5x,"BBC Proms: 2011: Prom 25 - Grainger: Kathryn Tickell Band: Clog dance","Kathryn Tickell Band: Clog dance",NULL,0,light
1101,events,64,audio_clip,b013m6tq,"BBC Proms: 2011: Prom 55: Rinaldo - Act 3",NULL,NULL,0,light
1103,events,64,audio_programme,b013m6tq,"BBC Proms: 2011: Prom 55: Rinaldo - Act 3",NULL,NULL,0,light
1105,events,44,video_clip,b013rl84,,NULL,NULL,0,light
1107,events,44,video_programme,b013rl84,,NULL,NULL,0,light
1109,events,65,audio_clip,b013n0g0,"BBC Proms: 2011: Prom 56: Strauss",NULL,NULL,0,light
1111,events,65,audio_clip,b013n0g4,"BBC Proms: 2011: Prom 56: Mahler",NULL,NULL,0,light
1113,events,65,audio_programme,b013n0g0,"BBC Proms: 2011: Prom 56: Strauss",NULL,NULL,0,light
1115,events,65,audio_programme,b013n0g4,"BBC Proms: 2011: Prom 56: Mahler",NULL,NULL,0,light
1117,events,127,audio_programme,b013824g,,NULL,NULL,0,light
1119,events,140,audio_clip,b013n0g2,,NULL,NULL,0,light
1121,events,140,audio_programme,b013n0g2,,NULL,NULL,0,light
1127,events,55,playcom,p00jy2yn,"BBC Proms: Schumann: Introduction and Concert Allegro, Op. 134","Schumann: Introduction and Concert Allegro, Op. 134",NULL,0,light
1129,events,55,playcom,p00jy315,"BBC Proms: 2011: Prom 48 - Brahms, Schumann: Brahms, Arr. Schoenberg: Piano Quartet No. 1 in G minor","Brahms, Arr. Schoenberg: Piano Quartet No. 1 in G minor",NULL,0,light
1131,events,54,image,http://www.bbc.co.uk/radio3/proms-assets/whats-on/2011/august-19/54/images/prom47_haitink1.jpg,,"Bernard Haitink","BBC/Chris Christodoulou",0,light
1133,events,54,image,http://www.bbc.co.uk/radio3/proms-assets/whats-on/2011/august-19/54/images/prom47_ax1.jpg,,"Emanuel Ax","BBC/Chris Christodoulou",0,light
1135,events,54,image,http://www.bbc.co.uk/radio3/proms-assets/whats-on/2011/august-19/54/images/prom47_axhaitink.jpg,,"Emanuel Ax and Bernard Haitink","BBC/Chris Christodoulou",0,light
1137,events,53,image,http://www.bbc.co.uk/radio3/proms-assets/whats-on/2011/august-18/53/images/prom46_mullovabarley1.jpg,,"Viktoria Mullova & Matthew Barley","BBC/Chris Christodoulou",0,light
1139,events,53,image,http://www.bbc.co.uk/radio3/proms-assets/whats-on/2011/august-18/53/images/prom46_mullovabarley2.jpg,,"Viktoria Mullova & Matthew Barley","BBC/Chris Christodoulou",0,light
1141,events,53,image,http://www.bbc.co.uk/radio3/proms-assets/whats-on/2011/august-18/53/images/prom46_mullovabarley3.jpg,,"Viktoria Mullova & Matthew Barley","BBC/Chris Christodoulou",0,light
1143,events,54,maestrocam,p00jy2rz,"BBC Proms: 2011: Prom 47: Symphony No 3: Brahms: Symphony No. 3 in F major","Watch an extract from Brahms: Symphony No. 3 in F major",NULL,0,light
1153,events,57,playcom,p00jyck7,"BBC Proms: Brahms: Symphony No 4 – Excerpt","Watch an extract from Brahms' Symphony No. 4 with the Chamber Orchestra of Europe",NULL,0,light
1159,events,57,playcom,p00jycnr,"BBC Proms: 2011: Prom 49: Brahms - Piano Concerto No 2: Brahms: Piano Concerto No. 2 - Allegro - Excerpt","Watch an extract from Brahms' Piano Concerto No. 2 - Allegro",NULL,0,light
1163,events,57,playcom,p00jycrx,"BBC Proms: Brahms: Piano Concerto No. 2 - Andante – Excerpt","Watch an extract from Brahms' Piano Concerto No. 2 - Andante",NULL,0,light
1165,events,54,maestrocam,p00jy2tw,"BBC Proms: Brahms: Piano Concerto No. 1 in D minor","Watch an extract from Brahms: Piano Concerto No. 1 in D minor",NULL,0,light
1167,events,62,audio_programme,b013m6jm,"BBC Proms: 2011: Prom 53: Tchaikovsky",NULL,NULL,0,light
1169,events,66,audio_clip,b013xpxs,"BBC Proms: 2011: Proms Saturday Matinees: PSM 03 - Hildegard, Britten, Birtwistle, Wishart",NULL,NULL,0,light
1171,events,66,audio_programme,b013xpxs,"BBC Proms: 2011: Proms Saturday Matinees: PSM 03 - Hildegard, Britten, Birtwistle, Wishart",NULL,NULL,0,light
1173,events,67,audio_clip,b013xpy1,"BBC Proms: 2011: Prom 57: Hillborg, Mozart",NULL,NULL,0,light
1175,events,67,audio_programme,b013xpy1,"BBC Proms: 2011: Prom 57: Hillborg, Mozart",NULL,NULL,0,light
1177,events,67,audio_clip,b013xpyw,"BBC Proms: 2011: Prom 57: Beethoven",NULL,NULL,0,light
1179,events,67,audio_programme,b013xpyw,"BBC Proms: 2011: Prom 57: Beethoven",NULL,NULL,0,light
1181,events,141,audio_clip,b013xpyt,,NULL,NULL,0,light
1183,events,141,audio_programme,b013xpyt,,NULL,NULL,0,light
1185,events,46,video_clip,b0147xbc,,NULL,NULL,0,light
1187,events,46,video_programme,b0147xbc,,NULL,NULL,0,light
1189,events,143,audio_clip,b013xq6w,,NULL,NULL,0,light
1191,events,143,audio_programme,b013xq6w,,NULL,NULL,0,light
1193,events,33,video_clip,b013csn0,"BBC Proms: 2011: Simón Bolívar Symphony Orchestra",NULL,NULL,0,light
1195,events,33,video_programme,b013csn0,"BBC Proms: 2011: Simón Bolívar Symphony Orchestra",NULL,NULL,0,light
1197,events,68,audio_clip,b013xq70,"BBC Proms: 2011: Prom 58: Mendelssohn's Elijah - Part 1",NULL,NULL,0,light
1199,events,68,audio_programme,b013xq70,"BBC Proms: 2011: Prom 58: Mendelssohn's Elijah - Part 1",NULL,NULL,0,light
1201,events,68,audio_clip,b013xq74,"BBC Proms: 2011: Prom 58: Mendelssohn's Elijah - Part 2",NULL,NULL,0,light
1203,events,68,audio_programme,b013xq74,"BBC Proms: 2011: Prom 58: Mendelssohn's Elijah - Part 2",NULL,NULL,0,light
1205,events,69,audio_clip,b013xrtv,"BBC Proms: 2011: Proms Chamber Music: PCM 07 - Fitkin, Gismonti/Carneiro, Rachmaninov",NULL,NULL,0,light
1207,events,69,audio_programme,b013xrtv,"BBC Proms: 2011: Proms Chamber Music: PCM 07 - Fitkin, Gismonti/Carneiro, Rachmaninov",NULL,NULL,0,light
1209,events,70,audio_clip,b013xrv5,"BBC Proms: 2011: Prom 59: Hooray for Hollywood  - Part 1",NULL,NULL,0,light
1211,events,70,audio_programme,b013xrv5,"BBC Proms: 2011: Prom 59: Hooray for Hollywood  - Part 1",NULL,NULL,0,light
1213,events,70,audio_clip,b013xrvf,"BBC Proms: 2011: Prom 59: Hooray for Hollywood - Part 2",NULL,NULL,0,light
1215,events,70,audio_programme,b013xrvf,"BBC Proms: 2011: Prom 59: Hooray for Hollywood - Part 2",NULL,NULL,0,light
1217,events,71,audio_clip,b013xs8n,"BBC Proms: 2011: Prom 60: Mozart",NULL,NULL,0,light
1219,events,71,audio_programme,b013xs8n,"BBC Proms: 2011: Prom 60: Mozart",NULL,NULL,0,light
1221,events,71,audio_clip,b013xsb4,"BBC Proms: 2011: Prom 60: Bruckner",NULL,NULL,0,light
1223,events,71,audio_programme,b013xsb4,"BBC Proms: 2011: Prom 60: Bruckner",NULL,NULL,0,light
1225,events,146,audio_clip,b013xsb0,,NULL,NULL,0,light
1227,events,146,audio_programme,b013xsb0,,NULL,NULL,0,light
1229,events,72,audio_clip,b013xsll,"BBC Proms: 2011: Prom 61: Fitkin",NULL,NULL,0,light
1231,events,72,audio_programme,b013xsll,"BBC Proms: 2011: Prom 61: Fitkin",NULL,NULL,0,light
1233,events,72,audio_clip,b013xslq,"BBC Proms: 2011: Prom 61: Beethoven",NULL,NULL,0,light
1235,events,72,audio_programme,b013xslq,"BBC Proms: 2011: Prom 61: Beethoven",NULL,NULL,0,light
1237,events,147,audio_clip,b013xsls,,NULL,NULL,0,light
1239,events,147,audio_programme,b013xsls,,NULL,NULL,0,light
1241,events,73,audio_clip,b013xsrm,,NULL,NULL,0,light
1243,events,73,audio_programme,b013xsrm,,NULL,NULL,0,light
1245,events,73,audio_clip,b013xsrr,,NULL,NULL,0,light
1247,events,73,audio_programme,b013xsrr,,NULL,NULL,0,light
1249,events,74,audio_clip,b013xt1d,"BBC Proms: 2011: Prom 63: Liszt, Mahler",NULL,NULL,0,light
1251,events,74,audio_clip,b013xt23,"BBC Proms: 2011: Prom 63: Mahler",NULL,NULL,0,light
1253,events,74,audio_programme,b013xt1d,"BBC Proms: 2011: Prom 63: Liszt, Mahler",NULL,NULL,0,light
1255,events,74,audio_programme,b013xt23,"BBC Proms: 2011: Prom 63: Mahler",NULL,NULL,0,light
1257,events,55,video_clip,b0141mys,"BBC Proms: 2011: Angela Hewitt Plays Brahms and Schumann",NULL,NULL,0,light
1259,events,55,video_programme,b0141mys,"BBC Proms: 2011: Angela Hewitt Plays Brahms and Schumann",NULL,NULL,0,light
1261,events,75,audio_clip,b013xt25,,NULL,NULL,0,light
1263,events,75,audio_programme,b013xt25,,NULL,NULL,0,light
1265,events,76,audio_clip,b014606x,"BBC Proms: 2011: Proms Saturday Matinees: PSM 04 - Tippett, Tavener, Gubaidulina",NULL,NULL,0,light
1267,events,76,audio_programme,b014606x,"BBC Proms: 2011: Proms Saturday Matinees: PSM 04 - Tippett, Tavener, Gubaidulina",NULL,NULL,0,light
1269,events,77,audio_clip,b0146075,"BBC Proms: 2011: Prom 65: Elgar, M Berkeley",NULL,NULL,0,light
1271,events,77,audio_programme,b0146075,"BBC Proms: 2011: Prom 65: Elgar, M Berkeley",NULL,NULL,0,light
1273,events,77,audio_clip,b01460bv,"BBC Proms: 2011: Prom 65: Rachmaninov, Kodaly",NULL,NULL,0,light
1275,events,77,audio_programme,b01460bv,"BBC Proms: 2011: Prom 65: Rachmaninov, Kodaly",NULL,NULL,0,light
1277,events,151,audio_clip,b01460bs,,NULL,NULL,0,light
1281,events,151,audio_programme,b01460bs,,NULL,NULL,0,light
1283,events,70,video_clip,b014hsbn,"BBC Proms: 2011: Hooray for Hollywood",NULL,NULL,0,light
1287,events,70,video_programme,b014hsbn,"BBC Proms: 2011: Hooray for Hollywood",NULL,NULL,0,light
1289,events,163,audio_clip,b01460lv,"BBC Proms: 2011: Prom 66 - Escaich, Bach, Reger, Franck, Liszt",NULL,NULL,0,light
1291,events,163,audio_programme,b01460lv,"BBC Proms: 2011: Prom 66 - Escaich, Bach, Reger, Franck, Liszt",NULL,NULL,0,light
1293,events,152,audio_clip,b01460k5,,NULL,NULL,0,light
1295,events,152,audio_programme,b01460k5,,NULL,NULL,0,light
1297,events,78,video_clip,b014bh61,"BBC Proms: 2011: Beethoven's Missa Solemnis",NULL,NULL,0,light
1299,events,78,video_programme,b014bh61,"BBC Proms: 2011: Beethoven's Missa Solemnis",NULL,NULL,0,light
1301,events,78,audio_clip,b01460mm,"BBC Proms: 2011: Prom 67 - Beethoven's Missa Solemnis",NULL,NULL,0,light
1303,events,78,audio_programme,b01460mm,"BBC Proms: 2011: Prom 67 - Beethoven's Missa Solemnis",NULL,NULL,0,light
1305,events,79,audio_clip,b014611k,"BBC Proms: 2011: Proms Chamber Music: Christian Tetzlaff, Lars Vogt",NULL,NULL,0,light
1307,events,79,audio_programme,b014611k,"BBC Proms: 2011: Proms Chamber Music: Christian Tetzlaff, Lars Vogt",NULL,NULL,0,light
1309,events,86,audio_clip,b014611r,"BBC Proms: 2011: Prom 68: Braunfels, Beethoven",NULL,NULL,0,light
1311,events,86,audio_programme,b014611r,"BBC Proms: 2011: Prom 68: Braunfels, Beethoven",NULL,NULL,0,light
1313,events,86,audio_clip,b014611w,"BBC Proms: 2011: Prom 68: Tchaikovsky",NULL,NULL,0,light
1315,events,86,audio_programme,b014611w,"BBC Proms: 2011: Prom 68: Tchaikovsky",NULL,NULL,0,light
1317,events,64,image,http://www.bbc.co.uk/radio3/proms-assets/whats-on/2011/august-25/64/images/rinaldo1.jpg,,Rinaldo,"BBC/Chris Christodoulou",1,light
1319,events,64,image,http://www.bbc.co.uk/radio3/proms-assets/whats-on/2011/august-25/64/images/rinaldo2.jpg,,Rinaldo,"BBC/Chris Christodoulou",2,light
1321,events,64,image,http://www.bbc.co.uk/radio3/proms-assets/whats-on/2011/august-25/64/images/rinaldo3.jpg,,"Brenda Rae sings Armida in Handel's Rinaldo","BBC/Chris Christodoulou",3,light
1323,events,62,image,http://www.bbc.co.uk/radio3/proms-assets/whats-on/2011/august-24/62/images/SusanGraham_SirColinDavis.jpg,,"Susan Graham, Sir Colin Davis and the Gustav Mahler Jugendorchester receive applause after performing Ravel’s Shéhérazade","BBC/Chris Christodoulou ",0,light
1325,events,62,image,http://www.bbc.co.uk/radio3/proms-assets/whats-on/2011/august-24/62/images/SusanGraham.jpg,,"Susan Graham and the Gustav Mahler Jugendorchester","BBC/Chris Christodoulou",0,light
1329,events,62,image,http://www.bbc.co.uk/radio3/proms-assets/whats-on/2011/august-24/62/images/SirColinDavis.jpg,,"Sir Colin Davis conducts the Gustav Mahler Jugendorchester ","BBC/Chris Christodoulou",0,light
1331,events,62,image,http://www.bbc.co.uk/radio3/proms-assets/whats-on/2011/august-24/62/images/SirColinDavis2.jpg,,"Sir Colin Davis conducts the Gustav Mahler Jugendorchester ","BBC/Chris Christodoulou",0,light
1333,events,62,image,http://www.bbc.co.uk/radio3/proms-assets/whats-on/2011/august-24/62/images/SirColinDavis3.jpg,,"Sir Colin Davis and the Gustav Mahler Jugendorchester ","BBC/Chris Christodoulou",0,light
1335,events,153,audio_clip,b01460k5,,NULL,NULL,0,light
1337,events,153,audio_programme,b01460k5,,NULL,NULL,0,light
1341,events,70,playcom,p00k3ptd,"BBC Proms: Hooray for Hollywood - Excerpt","Watch an extract from Hooray For Hollywood",NULL,0,light
1343,events,70,playcom,p00k3pyc,"BBC Proms: Gershwin: Strike Up The Band - Excerpt","Watch an extract from Gershwin's Strike Up The Band",NULL,0,light
1345,events,70,playcom,p00k3ss7,"BBC Proms: Sigmund Romberg: Serenade - Excerpt","Watch an extract from Sigmund Romberg's Serenade",NULL,0,light
1347,events,68,image,http://www.bbc.co.uk/radio3/proms-assets/whats-on/2011/august-28/68/images/p58-sarahconnolly.jpg,,"Sarah Connolly","BBC/Chris Christodoulou",0,light
1349,events,68,image,http://www.bbc.co.uk/radio3/proms-assets/whats-on/2011/august-28/68/images/p58-paulmccreesh.jpg,,"Paul McCreesh","BBC/Chris Christodoulou",0,light
1351,events,68,image,http://www.bbc.co.uk/radio3/proms-assets/whats-on/2011/august-28/68/images/p58-elijah-2.jpg,,"Prom 58 – Elijah","BBC/Chris Christodoulou",0,light
1353,events,70,image,http://www.bbc.co.uk/radio3/proms-assets/whats-on/2011/august-29/70/images/p59-triplets.jpg,,"Prom 59 – Triplets","BBC/Chris Christodoulou",0,light
1355,events,70,image,http://www.bbc.co.uk/radio3/proms-assets/whats-on/2011/august-29/70/images/p59-johnwilson.jpg,,"Prom 59 – John Wilson ","BBC/Chris Christodoulou",0,light
1357,events,80,audio_clip,b014615y,"BBC Proms: 2011: Prom 69: Wagner, Rihm",NULL,NULL,0,light
1359,events,80,audio_programme,b014615y,"BBC Proms: 2011: Prom 69: Wagner, Rihm",NULL,NULL,0,light
1361,events,80,audio_clip,b014616x,"BBC Proms: 2011: Prom 69: Mahler",NULL,NULL,0,light
1363,events,80,audio_programme,b014616x,"BBC Proms: 2011: Prom 69: Mahler",NULL,NULL,0,light
1365,events,154,audio_clip,b014616v,,NULL,NULL,0,light
1367,events,154,audio_programme,b014616v,,NULL,NULL,0,light
1369,events,81,audio_clip,b01463b9,"BBC Proms: 2011: Prom 70: Bridge, Birtwistle",NULL,NULL,0,light
1371,events,81,audio_programme,b01463b9,"BBC Proms: 2011: Prom 70: Bridge, Birtwistle",NULL,NULL,0,light
1373,events,81,audio_clip,b01463bf,"BBC Proms: 2011: Prom 70: Holst",NULL,NULL,0,light
1377,events,81,audio_programme,b01463bf,"BBC Proms: 2011: Prom 70: Holst",NULL,NULL,0,light
1379,events,82,audio_clip,b01463j7,,NULL,NULL,0,light
1381,events,82,audio_programme,b01463j7,,NULL,NULL,0,light
1383,events,83,audio_clip,b01463np,"BBC Proms: 2011: Prom 72: Sibelius, Tchaikovsky",NULL,NULL,0,light
1385,events,83,audio_programme,b01463np,"BBC Proms: 2011: Prom 72: Sibelius, Tchaikovsky",NULL,NULL,0,light
1387,events,157,audio_clip,b01463nr,,NULL,NULL,0,light
1389,events,157,audio_programme,b01463nr,,NULL,NULL,0,light
1391,events,83,audio_clip,b01463nt,"BBC Proms: 2011: Prom 72: Rachmaninov, Ravel",NULL,NULL,0,light
1393,events,83,audio_programme,b01463nt,"BBC Proms: 2011: Prom 72: Rachmaninov, Ravel",NULL,NULL,0,light
1395,events,73,image,http://www.bbc.co.uk/radio3/proms-assets/whats-on/2011/september-01/73/images/p62-zubinmehta.jpg,,"Zubin Mehta","BBC/Chris Christodoulou",0,light
1397,events,73,image,http://www.bbc.co.uk/radio3/proms-assets/whats-on/2011/september-01/73/images/p62-zubinmehta-ipo.jpg,,"Zubin Mehta and IPO","BBC/Chris Christodoulou",0,light
1399,events,84,audio_clip,b014648n,"BBC Proms: 2011: Prom 73: Weber's Der Freischutz (Acts 1 and 2)",NULL,NULL,0,light
1401,events,84,audio_clip,b014648s,"BBC Proms: 2011: Prom 73: Weber's Der Freischutz (Act 3)",NULL,NULL,0,light
1403,events,84,audio_programme,b014648s,"BBC Proms: 2011: Prom 73: Weber's Der Freischutz (Act 3)",NULL,NULL,0,light
1405,events,84,audio_programme,b014648n,"BBC Proms: 2011: Prom 73: Weber's Der Freischutz (Acts 1 and 2)",NULL,NULL,0,light
1407,events,158,audio_clip,b014648q,,NULL,NULL,0,light
1409,events,158,audio_programme,b014648q,,NULL,NULL,0,light
1411,events,85,audio_clip,b014f9y6,"BBC Proms: 2011: Prom 74: Last Night of the Proms: Maxwell Davies, Bartok, Wagner, Liszt",NULL,NULL,0,light
1413,events,85,audio_clip,b014fb0m,"BBC Proms: 2011: Prom 74: Last Night of the Proms: Chopin, Grainger, Britten, Rodgers, Elgar, Arne, Parry",NULL,NULL,0,light
1415,events,85,video_clip,b014smbv,"BBC Proms: 2011: Last Night of the Proms - Part One",NULL,NULL,0,light
1417,events,85,video_clip,b014j7xf,"BBC Proms: 2011: Last Night of the Proms - Part 2",NULL,NULL,0,light
1419,events,85,audio_programme,b014f9y6,"BBC Proms: 2011: Prom 74: Last Night of the Proms: Maxwell Davies, Bartok, Wagner, Liszt",NULL,NULL,0,light
1421,events,85,audio_programme,b014fb0m,"BBC Proms: 2011: Prom 74: Last Night of the Proms: Chopin, Grainger, Britten, Rodgers, Elgar, Arne, Parry",NULL,NULL,0,light
1423,events,85,video_programme,b014smbv,"BBC Proms: 2011: Last Night of the Proms - Part One",NULL,NULL,0,light
1425,events,85,video_programme,b014j7xf,"BBC Proms: 2011: Last Night of the Proms - Part 2",NULL,NULL,0,light
1427,events,189,audio_clip,b0140pq9,,NULL,NULL,0,light
1429,events,23,video_clip,b014b89k,,NULL,NULL,0,light
1431,events,23,video_programme,b014b89k,,NULL,NULL,0,light
1433,events,35,video_clip,b014bj34,"BBC Proms: 2011: Nigel Kennedy Plays Bach",NULL,NULL,0,light
1435,events,35,video_programme,b014bj34,"BBC Proms: 2011: Nigel Kennedy Plays Bach",NULL,NULL,0,light
1437,events,77,audio_clip,b014611m,,NULL,NULL,0,light
1439,events,77,audio_programme,b014611m,,NULL,NULL,0,light
1441,events,153,audio_clip,b0146151,,NULL,NULL,0,light
1443,events,153,audio_programme,b0146151,,NULL,NULL,0,light
1445,events,73,audio_clip,b01463b3,,NULL,NULL,0,light
1447,events,73,audio_programme,b01463b3,,NULL,NULL,0,light
1449,events,86,audio_clip,b01463nk,,NULL,NULL,0,light
1451,events,86,audio_programme,b01463nk,,NULL,NULL,0,light
1453,events,80,audio_clip,b014648j,,NULL,NULL,0,light
1455,events,80,audio_programme,b014648j,,NULL,NULL,0,light
1457,events,72,audio_programme,b013xt18,,NULL,NULL,0,light
1459,events,71,audio_programme,b013xsrh,,NULL,NULL,0,light
1461,events,75,image,http://www.bbc.co.uk/radio3/proms-assets/whats-on/2011/september-02/75/images/p64-ivan-fischer.jpg,,"Iván Fischer","BBC/Chris Christodoulou",0,light
1463,events,75,image,http://www.bbc.co.uk/radio3/proms-assets/whats-on/2011/september-02/75/images/p64-bfo-tuba.jpg,,"BFO tuba","BBC/Chris Christodoulou",0,light
1465,events,75,image,http://www.bbc.co.uk/radio3/proms-assets/whats-on/2011/september-02/75/images/p64-bfo-librarian.jpg,,"BFO librarian","BBC/Chris Christodoulou",0,light
1467,events,75,image,http://www.bbc.co.uk/radio3/proms-assets/whats-on/2011/september-02/75/images/p64-audience-choice-prom.jpg,,"Audience Choice Prom","BBC/Chris Christodoulou",0,light
1469,events,78,image,http://www.bbc.co.uk/radio3/proms-assets/whats-on/2011/september-04/78/images/p67-sir-colin-davis.jpg,,"Sir Colin Davis","BBC/Chris Christodoulou",0,light
1471,events,78,image,http://www.bbc.co.uk/radio3/proms-assets/whats-on/2011/september-04/78/images/p67-london-symphony-chorus.jpg,,"The London Symphony Chorus","BBC/Chris Christodoulou",0,light
1473,events,80,image,http://www.bbc.co.uk/radio3/proms-assets/whats-on/2011/september-06/80/images/69_mutter_anne-sophie_2.jpg,,"Anne-Sophie Mutter performs Wolfgang Rihm’s Gesungene Zeit with the Pittsburgh Symphony Orchestra conducted by Manfred Honeck","BBC/Chris Christodoulou",1,light
1475,events,80,image,http://www.bbc.co.uk/radio3/proms-assets/whats-on/2011/september-06/80/images/69_manfred_honeck_1.jpg,,"Manfred Honeck conducts the Pittsburgh Symphony Orchestra","BBC/Chris Christodoulou",2,light
1477,events,80,image,http://www.bbc.co.uk/radio3/proms-assets/whats-on/2011/september-06/80/images/69_mutter_anne-sophie_3.jpg,,"Anne-Sophie Mutter and the Pittsburgh Symphony Orchestra receive applause after performing Wolfgang Rihm’s Gesungene Zeit","BBC/Chris Christodoulou",3,light
1479,events,81,playcom_audio,b00zlgxx,,"Birtwistle talks candidly about what drives his music",NULL,0,light
1481,events,83,image,http://www.bbc.co.uk/radio3/proms-assets/whats-on/2011/september-08/83/images/72_janine_jansen_2.jpg,,"Janine Jansen performs Tchaikovsky’s Violin Concerto with the Philadelphia Orchestra","BBC/Chris Christodoulou",1,light
1483,events,83,image,http://www.bbc.co.uk/radio3/proms-assets/whats-on/2011/september-08/83/images/72_janine_jansen_1.jpg,,"Janine Jansen performs Tchaikovsky’s Violin Concerto with the Philadelphia Orchestra","BBC/Chris Christodoulou",2,light
1485,events,83,image,http://www.bbc.co.uk/radio3/proms-assets/whats-on/2011/september-08/83/images/72_jansen_dutoit.jpg,,"Conductor Charles Dutoit congratulates Janine Jansen after a performance of Tchaikovsky’s Violin Concerto","BBC/Chris Christodoulou",3,light
1487,events,83,image,http://www.bbc.co.uk/radio3/proms-assets/whats-on/2011/september-08/83/images/72_dutoit_charles_2.jpg,,"Charles Dutoit conducts the Philadelphia Orchestra at the BBC Proms","BBC/Chris Christodoulou",4,light
1489,events,83,image,http://www.bbc.co.uk/radio3/proms-assets/whats-on/2011/september-08/83/images/72_dutoit_charles_1.jpg,,"Charles Dutoit conducts the Philadelphia Orchestra at the BBC Proms","BBC/Chris Christodoulou",5,light
1491,events,85,playcom_audio,p00kc7mw,"BBC Proms: Veteran Prommer Mrs Sanders reminisces on the Proms of 1941","Veteran Prommer Mrs Sanders reminisces on the Proms of 1941",NULL,0,light
1493,events,84,image,http://www.bbc.co.uk/radio3/proms-assets/whats-on/2011/september-09/84/images/p73-kennedy-saks-pelissier.jpg,,"Andrew Kennedy (Max), Gidon Saks (Gaspard (Caspar)) and Christian Pelissier (Samiel)","BBC/Chris Christodoulou",1,light
1495,events,84,image,http://www.bbc.co.uk/radio3/proms-assets/whats-on/2011/september-09/84/images/p73-gardiner-kennedy-brook.jpg,,"Andrew Kennedy (Max) and Matthew Brook (Kouno (Cuno)) ","BBC/Chris Christodoulou",4,light
1497,events,84,image,http://www.bbc.co.uk/radio3/proms-assets/whats-on/2011/september-09/84/images/p73-karthauser-pochon.jpg,,"Sophie Karthäuser (Agathe) and Virginie Pochon (Annette (Ännchen)) ","BBC/Chris Christodoulou",2,light
1499,events,84,image,http://www.bbc.co.uk/radio3/proms-assets/whats-on/2011/september-09/84/images/p73-gardiner.jpg,,"Sir John Eliot Gardiner conducts the Monteverdi Choir and Orchestra Révolutionnaire et Romantique ","BBC/Chris Christodoulou",3,light
1501,events,189,audio_programme,b0140pq9,,NULL,NULL,0,light
1505,events,85,image,http://www.bbc.co.uk/radio3/proms-assets/whats-on/2011/september-10/85/images/p74lang-lang608.jpg,,"Lang Lang performs Liszt’s First Piano Concerto ","BBC/Chris Christodoulou",2,light
1507,events,85,image,http://www.bbc.co.uk/radio3/proms-assets/whats-on/2011/september-10/85/images/p74susan-bullock-edward-gardner608.jpg,,"Susan Bullock performs Wagner’s Götterdämmerung – Immolation Scene.","BBC/Chris Christodoulou",3,light
1509,events,85,image,http://www.bbc.co.uk/radio3/proms-assets/whats-on/2011/september-10/85/images/p74susan-bullock-as-britannia608.jpg,,"Susan Bullock performs Rule, Britannia! at the Last Night of the Proms ","BBC/Chris Christodoulou",6,light
1511,events,85,image,http://www.bbc.co.uk/radio3/proms-assets/whats-on/2011/september-10/85/images/p74rah-aud-balcony608.jpg,,"Last Night of the Proms 2011 Audiences enjoy the Last Night of the Proms ","BBC/Chris Christodoulou",5,light
1513,events,85,image,http://www.bbc.co.uk/radio3/proms-assets/whats-on/2011/september-10/85/images/p74edward-gardner-1-608.jpg,,"Edward Gardner conducts the BBC Symphony Orchestra at the Last Night of the Proms ","BBC/Chris Christodoulou",1,light
1515,events,85,image,http://www.bbc.co.uk/radio3/proms-assets/whats-on/2011/september-10/85/images/p74rah-aud608.jpg,,"Audiences enjoy the Last Night of the Proms ","BBC/Chris Christodoulou",4,light
1521,events,85,maestrocam,p00kcztv,"BBC Proms: Last Night - Land of Hope and Glory","Watch the audience sing 'Land of Hope and Glory'",NULL,0,light
1523,events,85,maestrocam,p00kd0b9,"BBC Proms: Katherine Jenkins at the 'Last Night'","Watch Katherine Jenkins sing 'And this is my Beloved' from Kismet",NULL,0,light
1525,events,85,maestrocam,p00kd065,"BBC Proms: Last Night - Rule Britannia with Susan Bullock","Watch Susan Bullock sing Arne's 'Rule Britannia'",NULL,0,light
1527,events,85,maestrocam,p00kczrc,"BBC Proms: Lang Lang plays Liszt","Watch Lang Lang play the final part of the finale of Liszt's Piano Concerto No. 1",NULL,0,light
1529,events,85,maestrocam,p00kd1jc,"BBC Proms: Susan Bullock sings Wagner at the Last Night","Watch Susan Bullock sing Wagner at the Last Night",NULL,0,light
1531,events,85,maestrocam,p00kd0cd,"BBC Proms: Lang Lang plays Liszt's Consolation No. 3","Watch Lang Lang play Liszt's Consolation No. 3",NULL,0,light
1533,events,189,video_programme,p00kd21r,,NULL,NULL,0,light
1535,events,189,video_programme,p00kd2mf,,NULL,NULL,0,light
1537,events,12,playcom_video,p00jh089,"BBC Proms: 2011: Prom 10: Ravel, Falla, Debussy: Falla: Nights In The Gardens Of Spain – excerpt","Falla: Nights in the Gardens of Spain - Watch excerpt",NULL,0,light
1539,events,12,playcom_video,p00jh07j,"BBC Proms: 2011: Prom 10: Debussy, Ravel: Ravel: Rapsodie espagnole – excerpt","Ravel: Rapsodie espagnole - Watch excerpt",NULL,0,light
1551,pages,63,image,http://www.bbc.co.uk/radio3/proms-assets/features/inspire/inspire_2012b.gif,,,,0,light
1553,events,85,audio_clip,b018mp1v,"Radio 3 Live in Concert: BBC Proms 2011: Last Night of the Proms",NULL,NULL,0,light
1555,events,85,audio_programme,b018mp1v,"Radio 3 Live in Concert: BBC Proms 2011: Last Night of the Proms",NULL,NULL,0,light
1557,events,41,audio_programme,b018ntjc,"Radio 3 Live in Concert: BBC Proms 2011: Prom 36: Steve Reich",NULL,NULL,0,light
1559,pages,65,image,http://www.bbc.co.uk/radio3/proms-assets/features/inspire/2012/judges.jpg,,,"Marcus Tate, Chris MacCrae, Rob Orchard, Samantha West, BCMG",0,light
1561,events,49,audio_programme,b018nthd,"Radio 3 Live in Concert: BBC Proms 2011: Prom 42: Swan Lake",NULL,NULL,0,light
1563,events,62,audio_programme,b018ntqt,"Radio 3 Live in Concert: BBC Proms 2011: Prom 53: The Gustav Mahler Youth Orchestra",NULL,NULL,0,light
1565,pages,209,image,http://www.bbc.co.uk/radio3/proms-assets/features/twenty-twelve/barenboim-ewdivan-orch-624.jpg,"Daniel Barenboim and the West Eastern Divan Orchestra","Daniel Barenboim and the West Eastern Divan Orchestra",,0,light
